{"file_hashes":[{"block_hashes":["3fFoWaFfPrMzTWJBl1yjmIrD6vw9lkUqw6Sv02RMhVA="],"block_size":4096,"path":"_locales/be/messages.json"},{"block_hashes":["pIJmMpKpE7AqnN5GNcfJInC/PIcm/SdEddwsSQAZp8k="],"block_size":4096,"path":"_locales/cy/messages.json"},{"block_hashes":["pBZw1SQjumnHpl5+FT57mZTo3QNwxYS9oHFL1hxJxXg="],"block_size":4096,"path":"_locales/eu/messages.json"},{"block_hashes":["mJBxDfD78dtBvOQf4vYkJKO9OddV0p6Cl0TtPaDCzh0="],"block_size":4096,"path":"_locales/gl/messages.json"},{"block_hashes":["Cxbj+L2QSnZyhDRa6GoKmSfEev6J4F6isTrYAAm9+eQ="],"block_size":4096,"path":"_locales/hy/messages.json"},{"block_hashes":["4WMl0aZB73Qh8rr81kM9U1Q8idSY3ZZBmwPLpgucfWA="],"block_size":4096,"path":"_locales/is/messages.json"},{"block_hashes":["u7gcMvSCujIWybEYnHDO85yowhga81OP+ge0xq1S8Go="],"block_size":4096,"path":"_locales/iw/messages.json"},{"block_hashes":["MImLv1G91Y2zl/94DwYeM0MaOO9c/CiLUXfs92s5nyY="],"block_size":4096,"path":"_locales/ka/messages.json"},{"block_hashes":["VI3GyW4xoWzjVdxVxkgzsI7z+6i/MxSQMbSmhZWeOvQ="],"block_size":4096,"path":"_locales/kk/messages.json"},{"block_hashes":["phGPCg3jKeB8AfU81vtP7UPlTF9T20zRx/WytNn7EOY="],"block_size":4096,"path":"_locales/km/messages.json"},{"block_hashes":["iQgvsFIpgmvCIvXSLBWCNfAl8ObfZ/8TWhi9iZ4Tu48="],"block_size":4096,"path":"_locales/lo/messages.json"},{"block_hashes":["YT2HUfbMnT+jGfS36osr077Tf9B3SCyoJZKd18Eqaag="],"block_size":4096,"path":"_locales/mn/messages.json"},{"block_hashes":["JDvvvWtnohQz3Ml9wacoiW06Bw3CAFXrBNZE4buVX+c="],"block_size":4096,"path":"_locales/my/messages.json"},{"block_hashes":["Fg4c1ZPJAccpHqTsunNRkdeT3f1+lkagVgSYYn9h2m8="],"block_size":4096,"path":"_locales/ne/messages.json"},{"block_hashes":["u9N9Qbfeb5OUj6JDenaZ1MMKPDnnNheXAvISyzajEzw="],"block_size":4096,"path":"_locales/pa/messages.json"},{"block_hashes":["VCQevmUag0QjXMR6/SdMCAq668jDolr7ldg3O2pWcKI="],"block_size":4096,"path":"_locales/si/messages.json"},{"block_hashes":["MPRM+tBS1z2G0S+iDPwRFWOjsuRSO0P31m2TS6jazpE="],"block_size":4096,"path":"_locales/zh_HK/messages.json"},{"block_hashes":["7Hjd1MzzK1127HAaIBZ8P70UbXmlBeT7BCH8Hlz0qmM="],"block_size":4096,"path":"_locales/zu/messages.json"},{"block_hashes":["bGnOD+b6sU8ZkKMg1wT+42LBdcAOtskiSqb0EQiRjKY="],"block_size":4096,"path":"dasherSettingSchema.json"},{"block_hashes":["JRwrWPf5ocbfX9QnhsrxEajhwhR4GrXluXoKNdPrn+M=","31DAlFYAfIoYq4xW7KpiSyn19L++FD4QnywiD2Eg94c=","9aXDsx1LH5hxyGXkbpDYEY/3c6qHWHBqQi6cjBHqCOU=","HymGXRPnbirge/BtqJdQ4BS67PR17e+TLs5+YlOjyvc=","DpeNLwX6BNyDKFpTNXx+xG66Q5CVkI4bhosfBJq6zFM=","Nj5xGtan5sa6oZMkevLvz225gFX/g6ZkfkyAtWRp6ek=","Z0xLhDLD6ZATgmjOYIlC0zUK4ce8imhST8CMd2jD298=","oPEiYtwYnqFc/5/gYRVrPIP21ioZCj0c2I8+dvdwVyE=","xW8p4LcQO2oTKNN/6A+Vv91c6vlgM1/zTZfI15Bcu10=","y49VyNt0DWRkTI8MKfl9WzlIMVVm0rUofypk9ChehhQ=","Q2Hl6mMwHvjbNfzHLtkRVocbF8c4eNRgmFBaFmkHan0=","pgO5htpjD4SQzsdV/NckJBzfiCOqjK2G2pEWsOQhyWQ=","b8Dsmkcu3YbgdIMzQ7xMH5LBGyyc7q/dVgfICBo4ZHM=","y+B5mKqQEU2cD4/vwi559Eu2vH+K77vRh44oM4TwMLA=","E7rOgyOsSzDm9TrZwGlcOPEBNAdAoMW039xPpWd7bz8=","rrhydK2ykBs4SZvwJn+Eetq6qDXlOhzYkX8aFkY57aY=","Cu6scSpcdpgqM+9K8YG8JpGEvio4YA471ji/iFkqgJ8=","snQHNh9hU1awVudWcvBBdOnD52P7o2bfo7KJM+pyKFQ=","RxIlfOx5khI6f1ef8GoxfFKgvhhVLqUlrr8wNJ4ayIg=","/CYCOFa5yj23p2HyOA7BllX3fepIvdN4WwZ52n8N00w=","mr0QU9MNIUug2/GZzQoJ+bjuXDHg6nIllTtxVbYNrt8="],"block_size":4096,"path":"eventpage_bin_prod.js"},{"block_hashes":["BuCOQh638P55WdaOJ9QKkUalRQMJDZXPrG8v/XKnh2k="],"block_size":4096,"path":"page_embed_script.js"}],"version":2}