{"file_hashes":[{"block_hashes":["TwJIx2pFW+gi6OQNahZ9k6bsdw7lSVzovT1u1XEETEA=","+WZZTyNj7vKaky27VUYUy0Z98kRVoNpxUbCrNWacZA8=","pY/kmEIJVrL84lFA1YdLiX+HH69rvmkEqkSP3vkCCMY=","q/XmAoDx4TKe89bOpGDtLBGzRVFVKlI+FiRA/96in7M=","LDXiqAjZ/Lfy86U3Gox5GLFOt7ZazZvVhoxeQoEoenY=","TGwOzjImRbQIDTSo71tlq5qyd6metMZHg3Moyo1c27I=","JZ+x3gEeNdpupJumz82y94nMF91yFZEiMbo+DjSE12M=","9CHHSeSRlbC4EPkl3zaCpaoeLUYZgbIn+H0Dgl8g7kQ=","aDrNkBA6e36fhZ+YdqngU2cBvVbQnbpmcrDJ/OS4/kA="],"block_size":4096,"path":"LICENSE"},{"block_hashes":["MGjrNyrmpE219zWN2twBoSGFbXqz4Tfh75Vxl3oPXes=","oPznx/XWYIEGrS7TXmoiuXM3CmCkN6ZymX1MmajmPaQ="],"block_size":4096,"path":"README.md"},{"block_hashes":["plsLNzSnBaSGRsytwEJntamEgHW0k26B6Bom/6xkEbY="],"block_size":4096,"path":"background/background-worker.js"},{"block_hashes":["oHEYP1EJgUPz4FYXr5s3AOdFU1ZsNHGur9g3kFgGX/4="],"block_size":4096,"path":"background/background.js"},{"block_hashes":["+/xQ6chsNMJowNd1orLampXxLeTv1vcJcllkCSZsfi0="],"block_size":4096,"path":"background/bg-prefs.js"},{"block_hashes":["up1mXpnosh9KaanrNJcTdw3t+P/uxc8K3HE1xO36j04="],"block_size":4096,"path":"background/browser-cmd-hotkeys.js"},{"block_hashes":["e/XaDmXCcFwKMf4KREeDTcnuZwf0V+STldjbH+kThXQ="],"block_size":4096,"path":"background/color-scheme.js"},{"block_hashes":["XimdwwqZNW9Hj8xboq14it6HleCcv8qVzXHW+0ASVkg=","Yp2LkOMEenh0ISFcrGJ2TKn4TMVvLbdL6FIj5eI06mg=","LUA6+GxRZMLsxNnCn8E3sFJOnJ73sAeAfj5ynwbNgA0="],"block_size":4096,"path":"background/common.js"},{"block_hashes":["k1y92kgSMv7QrK92y5qFhjmaWUrLzGNdhHRhBPxUEk4="],"block_size":4096,"path":"background/content-scripts.js"},{"block_hashes":["F0lChHHFdIZKOvmAfqxl/hR49kZE37/GOAYFPP9rOZc="],"block_size":4096,"path":"background/context-menus.js"},{"block_hashes":["GpXAqCppycF3I5wfxoulgGuVpgQifUF8iQgOkj2QK2k="],"block_size":4096,"path":"background/db-chrome-storage.js"},{"block_hashes":["gd2Kp9kipqIX8BpMSKdIkIQuuBJisztOYsVEZrjeUI4=","/AiUE+cPPf0aVRmfGDur16wZdX8/Jsb6kmbubxd8Lfo="],"block_size":4096,"path":"background/db.js"},{"block_hashes":["iX0j+EaFWff9QUawPYSVoY8uzWfFGcFQSgCjXpq9ykw=","/HzmqPoK5GP4s0DQMAqLnNYIwR2nzEAPwVuMiaoc3z4="],"block_size":4096,"path":"background/icon-manager.js"},{"block_hashes":["NFIxqo2yE+Wgl/5OhvlUtrvWrTsgd4XesBSrY+KxPYs="],"block_size":4096,"path":"background/navigation-manager.js"},{"block_hashes":["yItlpVJlQZUpCs6jvOgKYXkFFOEshE0lFNNbj5v31/0=","/DrorFwID7utrem6JBpN84GPT6gAGNVP8YxOWV2UdiM=","azrV/jni00lY3GtoBhymvXrJFvbX1bru1g/qwCpL3NA=","TwaBAGPZtQknXzJWG4CKzMRa5qVs9NLwN+G9f1ClIlg=","CX/V42VvpzAdIY6lkVXU1LiNKBKgXhaQ6JaqmDp842o=","cF0Xv8SvAz60LqPYO2mzm7Ss/aE5xF/gbgcPxo+tU30=","xMyI2Wb79pwIe+loi6wC5ZzRdxYujLIyYFrhPsooCn0="],"block_size":4096,"path":"background/style-manager.js"},{"block_hashes":["Thm2c+MwPwCVqxgxszS7nyhkJesppoBEwIaE+IgI7Os="],"block_size":4096,"path":"background/style-search-db.js"},{"block_hashes":["/i05Rfej1TQZJ9HtxIK3RmlJN7CeaRSVaWDdSIpH6K4=","+8Fk8U+mn/QWHFiZMnolYa9vt/wHecOBvbmHk2+QEt4="],"block_size":4096,"path":"background/style-via-api.js"},{"block_hashes":["VR6SFBoN2HFoy/co+vO23Ob2wcx97AZSpW4OjjNZS+w=","jsxSpB+adDLRD0Ahh7fQj7yoZ95LXZ+LA44yWyKSiSU="],"block_size":4096,"path":"background/style-via-webrequest.js"},{"block_hashes":["7lLV+Z41aj0LvC3xE4ASvwu2r0J8vS7CkbvBpHcb5X0=","uil1HBBR5HhPHTZmT12XUnBuMbwMMvsgrEUDuHkQw0I=","3QIoc8a6blp4y0jTdDctgnqWDhLmP5rdODB1kVXhRas="],"block_size":4096,"path":"background/sync-manager.js"},{"block_hashes":["iahmMX4CGm4UqFu4RbFkOr1gvOz3NYcModL4U/TtLzQ="],"block_size":4096,"path":"background/tab-manager.js"},{"block_hashes":["AaJz7oTCU1jaUKe6yWCD8yoR7FlEcbtAsl0z79v7shw=","OhuY++6xUKDulbC/6VcoDfe4zZ9Ci/bkVoYudiyT5a0="],"block_size":4096,"path":"background/tab-util.js"},{"block_hashes":["3wlShH5E5sFLThaeO2fkXDho/X5U+vSIqfaukViig/M=","MbI7M0rNhsB8ToUkBQoJw+hayDEUnd05XATBisyHMTc=","KOXCvgmLidJXuAgI54qV5lrHQamUt+c3pX59NelHlsM="],"block_size":4096,"path":"background/token-manager.js"},{"block_hashes":["t2hi1NQu7CudLwl7O2+NbAMZ/8rPdNqklx5nYO1FsbA=","j18Hqp5Gqnmo5H54LMdPr8uKdUMCtqq4M55vxXako7M=","LEYwwStnLEMeMICWG/ibFKQOPYDsyuw6zKdd0DKH0hw="],"block_size":4096,"path":"background/update-manager.js"},{"block_hashes":["AI5gY63R06ontS3+cjl0/PfpVnCsRuHixmzJgM41ipI=","56nzQTda4To7SW0EKvH3LwKgkorFq++hH37ql68PK1E="],"block_size":4096,"path":"background/usercss-install-helper.js"},{"block_hashes":["VzKyQMVpDu9ydF2QP8EsmTmMLkmkjl4Zbse18OAWPnQ=","61z9muNeNDzQEwwrvMXsgz9qr0Y4/IN5iNfzbOdbrxc="],"block_size":4096,"path":"background/usercss-manager.js"},{"block_hashes":["DrFk0xnLJtsQQ9raEUUWG2IyysPGqsj5qHiQymiMbu4="],"block_size":4096,"path":"background/uso-api.js"},{"block_hashes":["YZOCmcxroipicpStcaSlctOwNOetOtzsT3hBvRLCQbo=","hbhNz2svISrBvGs5TazMiGhyRufHySbDtOrMBPetl1Q="],"block_size":4096,"path":"background/usw-api.js"},{"block_hashes":["Tmu8PdLdNvgla23lQbzzbo7YDUTz6lRWhYzA/+XlftI=","6WgvLM1LEipe97UMjjpII666VXhFpIe05/1mnzSpYvI=","xqUM4gu8yG0q9ZTyYwmhzzyDfFqhw8uy82Djdp1DdO8="],"block_size":4096,"path":"content/apply.js"},{"block_hashes":["kwaD3Z64qRj5SrWNKnWzWgkj3DyDJbNcaK+ok23ItM0="],"block_size":4096,"path":"content/install-hook-greasyfork.js"},{"block_hashes":["24e56NFOBiPorRFZNVr6V+9w6gKQGmbXrSuUiJ/llo8="],"block_size":4096,"path":"content/install-hook-usercss.js"},{"block_hashes":["EI4UQ/iVjQK+ygyqivRB30oKstvu4usnclff0AMvfjs=","aZdb9Jsj4vy79yUptuM1IwrdtlNSTOMoGn6vIQjJ+jQ="],"block_size":4096,"path":"content/install-hook-userstyles.js"},{"block_hashes":["2125yUcOzFw+tQCf0UKVbazR20ygh3wVy6VlYoa2Fvg="],"block_size":4096,"path":"content/install-hook-userstylesworld.js"},{"block_hashes":["vcslCgbjpK03FhEpWGPKlAU4WFOzR0mEs07XWRJwLoo=","jVZG33buEQ/iikxf6uzdHZSPfNEXWVrXEmzRGW0l3CQ=","U6/Mr0be2w7nv6N4Gv/xAfpIVVXgRJm1RqG1CHd24Gk=","a1FejjmvqKyBRDBX8LjgW7AMPXJDlOwd5I/vCYtfvUc="],"block_size":4096,"path":"content/style-injector.js"},{"block_hashes":["jaKHXWp+9bPvCdBogc+XZSa5/EAXSoQ+WKl0meZgeqs=","ofzHWb6f+atgD96zriGnFWLyKakcRxyRzbYhtrCeTmU="],"block_size":4096,"path":"css/global-dark.css"},{"block_hashes":["WcM4nLeb/dP+jYkFcVRE5emaFG8J2w2JWp9xbA/dtuI=","o+apgs+lVPAigwlVk0e6FXOlPcwc2nGxElXs9EPPa1U=","s78SktrJqjt/s6YH2dIJ0evSJxZ2JgRSXCl5gmXQGYc=","FXLrSs2+VKPexrjV0Rp6p8/jlSzUoso3ajx/92MHdFY="],"block_size":4096,"path":"css/global.css"},{"block_hashes":["KCuNUc9HxZnovr7DeZPqvJQIsjYEPk2WKWA+QySBp7Y=","rrlK9sosKSkkTY9Qrrl1hMD95R8aNi1q3GXDC8eO6Fw="],"block_size":4096,"path":"css/icons.ttf"},{"block_hashes":["GKHHU0tgYCbA9YHFjzDBYz8FLQtQ7dxUH/x7IXIPgC8="],"block_size":4096,"path":"css/spinner.css"},{"block_hashes":["ZRF/RDMHBkM0S++HvnKPaZllCOYi6t8bFW/F1CBSDqo=","b4gFSUN0iJ/n6Pj7nVWMrD4pHw2I7B4jKB98rZSE0Zc=","R5rXMCW4j4SgBhSja9+A/BZjIH/XYJdYDYsmWjaeSCg=","bw9VGBkAfyTOyiCuVhXTtiTc59NG7ZU+s8EV+W25b0E=","VrineuH8TcQxmmdEzW74dz5QJH7Po6NTwS9534WcLQ4=","IpJ9GkSVN/Z8hTe76JqUnf6bMLEnjlGaIsshTJs8nas="],"block_size":4096,"path":"edit.html"},{"block_hashes":["QjkdCkCANi+ggNRRmuPREfPiaN1SSymJMrgGKZnswSI=","RUF4eGvOkZQB8Chn6eg8wm1bckF12uP3EK8s0DHRiIA=","sOK92+tyWd6TC6HQ5LA0unkOhYVK5kUtTX/c45pCk6Q="],"block_size":4096,"path":"edit/autocomplete.js"},{"block_hashes":["kqG99i5p1MMlDMTYywvqFvWVwuDlcMg6toBrA6n50RQ=","uhQVAaYhK1jyALxDcTxzChl5hBVFcLR5YIvTHWngg88=","D6BYepn65fs5Z8lIO5Ue/uEymTjPE+oveNOsOYbe4bI=","UMEk0IqAUZyFiRHxJz0nZ0txhoC6SA8vWZi0uxLidEk="],"block_size":4096,"path":"edit/base.js"},{"block_hashes":["c8j4rwLjuKOaztv46AbaWoWzTAKTy0qkZZCH8skfPe8=","bCNAf6RUTSlU8gomobIkyauegMTZOT5YJdhryO4/z2k="],"block_size":4096,"path":"edit/beautify.js"},{"block_hashes":["/oKB7PE5Q4tm9AdytXCrHATactWiI2+tUTAyjUBSP7s=","qN2A/9ptJmXacJ7HuhAC5JZ68fX0I7uHeXThDPT/dec="],"block_size":4096,"path":"edit/codemirror-default.css"},{"block_hashes":["+VJ1B7vlw/Pupfyp/7qG5EETliNe+VQmoqm/JQ+Eg78=","+GwbT2BSVcFT4tXkO4qJXzRtObxu9Vavu6QhRY1DDjc="],"block_size":4096,"path":"edit/codemirror-default.js"},{"block_hashes":["K3GZb3niwsdZC2OTSPrcxuTjSFondwZROqbEWXECfUc=","rQEiU7tflKfWSSa358VxPCzOap/p3F5Dz89DiqXxKjw=","Rq5/Pzk3uCxJtzjerZ5LuPH8K6VSQT2hcM7h5oTa+Z4="],"block_size":4096,"path":"edit/codemirror-factory.js"},{"block_hashes":["rhCtnn1ioRx6XmYP/A5NZ/xl70Qc95VjraGRfXty4BU=","jcUb/Yuy1QS1w1/KfjpM/AAF20eCmX5unHiI9itl1OI=","AIZly1GVYewWnZQFriNAHzNOlbljzQv+NlhvcOFIDyI=","SlAdePYI3DQc/e+8pNkKx6KpymaFvJFYQ5RYooo4Pog=","y7GmmpSOU8+mfaWujQta5PRHqvVqvM70kzcbo/aamms=","ke4XYVM6fV3xMCHz6bO7OdJK+UeL9G8Tm/sPq9DB/hk=","5owvYj5LKFQIJuIwDa+nteuFe7NvNmA3jqjrw9WF5Gk=","8jWgIQ9k06cviUwmp8z/jyPobMHLBIL1HZJYRvk7bkg=","EoQpnjWic+N5Y5+YfeSam9p+j8YtSuUik5c7ZIg5aLA=","/FcqID04tj7xL3u7Q6Y3fVTvznfRCpIpJQGbmZBWD8Q=","Oxd/pyHqds+yvu5qUitfAT7kGLH1VFkdS1JuBjQ1SdU=","3lRW4iKfuUaXaYTdNoIOc3JTeuLBxPQJC+NAXT8EMTo=","mz8yTjsyfL4LXmLe7vHp/Oy4Ud/WaIk1M2lVlt8fEuk=","F3ljm3radCYgXtW8ff2BKfHhnHB3pVpxa1sre+Y7YD8=","ChX7iHPNiyXdxwnDBnjJNU2AVSvDpMXTqFavPLpAtNc=","24HzKzVO/xSBDCk9lWa7zCIoma/EadOopdv/jA7YL2c=","gvm+lhJJbVqDdQb9dv2GmHCBhF4gmrIrjn+Mhbn+VzE=","tCTYoM9l4T+kn+QI7qN1Q9DAUX10VZsq8e8E/6ciJNU=","uiTS1G5Wn0iwEL4aEtnCbP4R8vA4mViShmuA8nJLqu4=","WcS2ArOTcW79hApgqtm6ZqISr/DQW5vlJ+buYdXgHnY=","Lx6qeizydWjqVuUoc0TePyiIKmab5E8j3qThN31m+AM=","c27JyRHXNO4LoamP/9wk2qO5oZfo/bE/cJdSxdo3Wl0=","/oM0uTsbs3Pk35lzwLC4VB+nFrt1QOA146iahJtzgj0=","ireWVs6cffODcEXbuAmJZRLeriq6WXhFOdehldr6fSA=","Ucehc1umNKsLFhDR65vYKpbaDtssGpq/Mr+vNmP0Ync=","VuiM/pRtFbzRiXcdZKiPBgtiLmWqGShdWCc2x5M6NeE=","MRDqNr/rnL9k6gArVdbJSHhwDxubzpjB6sp9OI6tTlo=","BgvzSxukvgpADa2HIlgG5ES0Uf3qCtPbwS1IyI2yU/A=","k7mppIkQGAdknbu+X8j+HFCmtuBE981UdIb1Z5iQee4=","3yexMm6OkQ2gFiwkiD0IfKeLMgN1FNt9QdrSJVsGSjg=","BdSviAPYmW6VJ8QN+AWBbB/0j55eKTTnKSfDOHY+vjA=","TzPtWX/oZqWxWKwDLvkPIt6ciyMMPFcHkArl6Q2uAG8=","zhChHxMpM3C1q6Rc2jBl4GC58abFFy7AW/b53T5dYGc=","JRVo+5OAMjSl9wlmWieES+FNmwKEz1PUkgMhLUSLHmI=","5Jv//YiKSQfOPkvNPAGHNCLEF66mhLodqieWS8MP3so=","XZ7ilWWg0a54ltRKDdj34dhgXdgmsxlXfCszIq1dtZ4=","9osWwFiudhkpjahzTr6QaiSLicasPTkXziw6JuLhXmg=","yE7kxu7Z7o1rQhxh39x1lSpoN6MbT1BUVYHoepEQloA=","Atl6lCIgzbIJiSL2qcEzDx8gcPCdTmfyuTE23Fp1eVE=","YCQD1Ii6uO8FpwiiddNi/8hXyKWJc2OcTl4SJoGUITo=","1jyara0D5e/1N42Ob9Ke5L0lOq+Hpy0WYz55tinmF3E=","f9vSAoMy3hXDeFUqqL9M9f7+5KGVMvgOnpKPCATlTVc=","zY4+EJBH4LRCx/+rSFWNLMOPmoTJ1oPN9Ed28BKPIFM="],"block_size":4096,"path":"edit/codemirror-themes.js"},{"block_hashes":["MaVyZh55qrteW315d6et/c74NG2qVTvXEMGsXErbt9Q="],"block_size":4096,"path":"edit/drafts.js"},{"block_hashes":["YXPt1mFbTuOcH3iali32CIneomB30Cb+y+SxqOkScyI=","ySoiAkkpX8PzgxNNT1khDsQ7KvEqSotTEh6t2Tu1UT4=","oihk9s3wHr9QIm+BhwVnux3INSzYhE2KqIR7aymtR8M=","x/dAiZ6ffQDKmrpUgg8sSUt3fgYNHQVzZAa5sM3f3Fs=","cGCwV4ZEfiGzutAzEk07XN1A22BLjeszlVimTunN0FU=","RGTvJDM1dn3F9ttuVWApJ3tISlOsk2m4XRFymKUobcQ="],"block_size":4096,"path":"edit/edit.css"},{"block_hashes":["bkeDVsoMR/vUm/O0FhsaJsKGe5vaZ4zR32BwhJcFlqI=","vkdIF28FGobupTE7Cfm+jX9rAFPSuMuYm6v2g7b/zdQ=","BgNYnMYlChby1fYwQq+udWGA8N85Snp/c/fuR1u9LMA=","7N9TUCuXRur0+XyHowwd5dBaKF3VDWBg7VB2NW4FGx4="],"block_size":4096,"path":"edit/edit.js"},{"block_hashes":["OKGZ++ktTD4DrOfi9b5fVcnWhSjnbuV0uNcRTLdFh4M=","Ec70aTz2lPcgxI4bqJBjbE5l0eOJLlLzDpQpmS8Dx+A="],"block_size":4096,"path":"edit/editor-worker.js"},{"block_hashes":["oWjRPFQHF2tNEGxDbdeZ8DgkvpGLElLBnzPC40jM9Q0="],"block_size":4096,"path":"edit/embedded-popup.js"},{"block_hashes":["NzSWFDm8RIa8k6YJ1lMSL+eg1el9ZkYdOgLIIRvARN4=","gcpRdV3+SNiQphx1V8nly1dGXAf15VN1a56lzyJUr5A="],"block_size":4096,"path":"edit/global-search.css"},{"block_hashes":["Qfxd0l92GFEwGvUUDePjXrxfygr1wmJO0Mf+JIVxN94=","SQpUYjmkDXIPHLCOunORnRjxWdtxQNOjkJAdMmF9/K4=","bOq9C8XEXE6ubYyu223pfWlYOSzP75pnoEa9VBTnXy8=","o+f9vvEmfq0cQ6H7zw954fea3XtWQo2kTjEOyRctGIQ=","LSUzfmEyUfBQaTGV3HVtzDLAv+3zaj2wRIozRiMU8o0=","I7RjZbHWC+9mPJIL8SAQsUAlwb6EecirJcFTEqATllQ=","IwN5jEGs9MgMraZ/IIYNd2SWl7+P1F0UxDw7UPtPtsY="],"block_size":4096,"path":"edit/global-search.js"},{"block_hashes":["PHs8pHt4eWfZFqPtO77yLliatJvxhp7YDxVU3FFaw1w=","xth/JBljTGTRvXp+zYLIyNMoWqy1DhjWBRXpH3JneFA=","hv8SBFv69w1nY3YI1pgm6ZYoyfAE8ZAfVY8b1yYc+dY="],"block_size":4096,"path":"edit/linter-dialogs.js"},{"block_hashes":["55texNYDR+XAQgy4/33u0am6lHE4YtMJuf2VwBes1zs=","SkavU4bDr8FHC0cHeSHsV76SBWKVVs04FUTuvj5RM7Y=","7sqpb0NFlWMc1jzjysuKcehHEVPnBy2RwlK5eZFgjTQ="],"block_size":4096,"path":"edit/linter-manager.js"},{"block_hashes":["agWFFwkcHEquX3vNA+g1O3GKZ9N65RxXsvGstVYW6ak=","EyOy5A3HCJxPMe1T3948q+Cn4CE2Q1J4PjPw2xGS9K0=","wQBatOFJdpH35BtYJkclrdya1yN6ULudyOgXMhwRS58=","VEaVPr7MXFySaajDFRobcZH4RoFrlqqWl18kSpkRBpU="],"block_size":4096,"path":"edit/moz-section-finder.js"},{"block_hashes":["vNLNdCGj1fkjyi5k5wKq9OVxMOUEI2v1ryZGvUaf/6A=","PhXW+dOtV6EpP+EA5ZSK05YWGxYaElnYulSkT43yahc=","A+vwRi8KmtcYjkiywnEjNrs/5BpmkBLMdjVu5K/C+ls=","pdWKqo872dkQjhUu42Rl/E3N7RAdtX6zufCv/nNrxD0="],"block_size":4096,"path":"edit/moz-section-widget.js"},{"block_hashes":["X0uI07EC+of0TKOfLhWwuWbQ6aE/A5zoa5ehgucdI04="],"block_size":4096,"path":"edit/regexp-tester.css"},{"block_hashes":["7n98/zz4XIAHvegaSUQUSgPFwp37G1eE7BB+oXWWpJs=","RVpGmExpCej0PuFki0x90QpzHW+xAgMVsQq0thNifLc="],"block_size":4096,"path":"edit/regexp-tester.js"},{"block_hashes":["MXE0Py/DLhjAKP0zndiuIGrRR096ZMUyIu0DkI1qcis=","Uf/DstfbczuLfDKozblYeFEip35+248WQo7SC6heqwY=","D1kiQ52YIS8z70SCtz81fCRmfVsu4dPrD9vyQEOhVdY=","rDnhg2dBQiB/4kjee8mWgCGzpq94moawF9kd6l7BIrs="],"block_size":4096,"path":"edit/sections-editor-section.js"},{"block_hashes":["Q4p7ojbeYdGBub4GTT/3BZlLNe/wy4Y8IROYi+guAL0=","QJcqYaDFzDARCw/BNyeavqattwLVzOIy0+VHQbPWYJU=","uFXnmKMXoO+E3Bltao6MhA8jmk0yEUtXDwvoA34+AYk=","o9h3pfBUjOftrv+7AC9ChRi49ZSK5/m/0BArkVCf6II=","mp+aU1Hbabq7Hqf1oM2D0JiuKXH41f3+DvyDUr/wcNY=","zDJzh6//peIuPiD6n0uL/Hvs5DD74Pe2HOmQ3+oCpgo="],"block_size":4096,"path":"edit/sections-editor.js"},{"block_hashes":["yGjscn90uOec/cLgSokYeT1nJHvaewjTXif12/0kkKc="],"block_size":4096,"path":"edit/settings.css"},{"block_hashes":["3T714nDFbP/dgcIZ88PdvM75lsGa76y8WHP1eaDs/MI=","oIH+Ei9tLbRvYELcci9ZSZgqVw/OuGp9YNS4WwvTH8o="],"block_size":4096,"path":"edit/settings.js"},{"block_hashes":["Dlj3sfyL/t3e0rPD0WhzinIWJxkLgJJ7/Q+QRWX8BRI="],"block_size":4096,"path":"edit/show-keymap-help.js"},{"block_hashes":["uPaeXtYjG7ZxxXa7ZY/gTA+zGGZhC0/vzGaHNq+n1r4=","s00PQXCZbCAbbpxlHO9LbK9I87fIbn/6t2dAgJPXw5E=","fDJdYjI2sRRMqQ8AWpGUiBwSNo11XHHJh8S6kByHCJk=","fyYAhIWS+xMKBd5UY1zaQywPAl0vSRMnRBHeF2vyvtA="],"block_size":4096,"path":"edit/source-editor.js"},{"block_hashes":["xSIvUFvj8me+EfcDz4zwEKbQAJQhdfFuCsNuugO1c80=","uCCabvqsftez6JlRJKrojefxOn7ogbfy/8pOaSiK+Rk="],"block_size":4096,"path":"edit/usw-integration.js"},{"block_hashes":["MbI9a1eeQ3Ox+5yBjvzTm1bSDGHpI+oxP6nN4HxUBo8=","W3QgulfWMmL45eI2kzbBjY7WorMqQ2furb0hNgi95Ms="],"block_size":4096,"path":"edit/util.js"},{"block_hashes":["ALUxmjSX8k/cHnbBFVs+958+YR+JProcgU9P1NTc4fQ="],"block_size":4096,"path":"images/eyedropper/16px.png"},{"block_hashes":["JSDEQ4uPHG4XiWLD9wZ5LbSp+8Otb7OhQGwiveMSy9E="],"block_size":4096,"path":"images/eyedropper/32px.png"},{"block_hashes":["gH6qEQxxTU45hVFPyk/IwvOWAKJ0MvMdLTwpwtFnT1k="],"block_size":4096,"path":"images/eyedropper/README.md"},{"block_hashes":["agT1UqhrA5rWLZt0TwJZVabHyB0FPbBh/uBbz4XvC+k="],"block_size":4096,"path":"images/icon/16x.png"},{"block_hashes":["6Pn39nUdKGtsCnPrA/+Imc6/EsPA9p72/+61lvh2QxE="],"block_size":4096,"path":"images/icon/19.png"},{"block_hashes":["w/eEIsev7neHoXBvr0gsMgOTbatQxg9JNMZ8nZQpBKg="],"block_size":4096,"path":"images/icon/19x.png"},{"block_hashes":["JBnAIdc9rbGhtLjjRjBmdnZd1ele/xyIeVN5S7A9Ekk="],"block_size":4096,"path":"images/icon/32x.png"},{"block_hashes":["LFLyY+1Gz245tnkQgyTV75oyy+8dnY+/wvDS229WLGY="],"block_size":4096,"path":"images/icon/38.png"},{"block_hashes":["TjXN0zW7Yo8HhhSPZpewhLjPKhE4UsY1TMQGgWV9sfc="],"block_size":4096,"path":"images/icon/38x.png"},{"block_hashes":["mkQzR8fma/d/gALt3VAUxuBS5WJCXesXVjtHvqyl4QI="],"block_size":4096,"path":"images/icon/light/16.png"},{"block_hashes":["Jx5h7Jkq1Ad4/X/IuewLzT2+xdFTniXVih9RL2zC6Mw="],"block_size":4096,"path":"images/icon/light/16w.png"},{"block_hashes":["orMQyNuhHOiZVvwlLdtLzbl6SZGuyrrInFOt57gsswo="],"block_size":4096,"path":"images/icon/light/16x.png"},{"block_hashes":["mkQzR8fma/d/gALt3VAUxuBS5WJCXesXVjtHvqyl4QI="],"block_size":4096,"path":"images/icon/light/19.png"},{"block_hashes":["Jx5h7Jkq1Ad4/X/IuewLzT2+xdFTniXVih9RL2zC6Mw="],"block_size":4096,"path":"images/icon/light/19w.png"},{"block_hashes":["orMQyNuhHOiZVvwlLdtLzbl6SZGuyrrInFOt57gsswo="],"block_size":4096,"path":"images/icon/light/19x.png"},{"block_hashes":["0zVmlLg+zbyafhmzCdtSxD/8TzHvwzQ3CZH1KD6LaUc="],"block_size":4096,"path":"images/icon/light/32.png"},{"block_hashes":["MYsZRRHB59jHi4T9Xg9DL1z8zuYHwRYnJiXpTgwvqy8="],"block_size":4096,"path":"images/icon/light/32w.png"},{"block_hashes":["HiHlwFKShs7jLrqh8Tv8tQ7TJgfUNODe647Z2iFacxA="],"block_size":4096,"path":"images/icon/light/32x.png"},{"block_hashes":["U4SeXLwDkZF791nt1lCtzZ5sFRHlcj+pOhYoVn+nn5g="],"block_size":4096,"path":"images/icon/light/38.png"},{"block_hashes":["4RA6QXhOJVuMVlzN4UoYhffeHcX7+v73M0ugq3mnuag="],"block_size":4096,"path":"images/icon/light/38w.png"},{"block_hashes":["P8z/EzWbccgr5X8d3uADhKf+mfssfshrKox1KmJ8j0k="],"block_size":4096,"path":"images/icon/light/38x.png"},{"block_hashes":["EeaAaoqb3jItDOsKcPGPQCUXdRinwF4RXk1ew5tUk0o="],"block_size":4096,"path":"injection-order/injection-order.css"},{"block_hashes":["5SNgVYNrS32O7Ug8H7RS9JEZ6Zdz8cgs76UDMAWHJmk="],"block_size":4096,"path":"injection-order/injection-order.js"},{"block_hashes":["OosCS137Vy+MNfVpQdsQQnrpYEwTkXvXO8DZwVmg6U4=","Lmf+Loos9c2WcmSF6AAOYHD9Yxex7vR87dzq1tNdsLE="],"block_size":4096,"path":"install-usercss.html"},{"block_hashes":["wj/F5RJuGNBokcFJVDIlZqJGb1MdQStY7cmGrYQRQm4=","vgefmjAwbnZN72KVyxSIuB+6yPFW2oh7e5myivgJE48=","7q05yAMiP+aCMSz9Yg2QSwZJ1FRcv9lGgT+jrcu3f/I="],"block_size":4096,"path":"install-usercss/install-usercss.css"},{"block_hashes":["hUg1jGjzSWQgEIH6Ooy5V82vC5qpaVOsShBicuuW7YQ=","FXZJHVUonvcIfInIiud0hiZWI52hdTi+ZcbbRfRjEaQ=","gbgMdP5+8ilSQN+etO/EUuHyyVAumWgtVLlHE7eBmFE=","/rO7sfyVHTNPw4PlEctS0L2CqkpdpgNHMDnWsa/BP6s="],"block_size":4096,"path":"install-usercss/install-usercss.js"},{"block_hashes":["IgGVocvTtQfO6Buzgt3PhCBGflT/vFn90Gd2lj/jqk4="],"block_size":4096,"path":"install-usercss/preinit.js"},{"block_hashes":["8eSWIH+6XpYug2BcmJGkYVM0id/DwCosGNRtsaDWbo8="],"block_size":4096,"path":"js/browser.js"},{"block_hashes":["8nZ4QNC3N+hRS/lS7+SSOPM7gZm2b5Fkve3dPuZm4fw="],"block_size":4096,"path":"js/cmpver.js"},{"block_hashes":["asPA9gTLVSyruHMFPpky7QLcN8ScLlLCGdqgmBX6+SE="],"block_size":4096,"path":"js/color/LICENSE"},{"block_hashes":["tYZKBroL3xDfISxzVE55KlFZFZtZKiQXbJGLBffKyWY="],"block_size":4096,"path":"js/color/README.md"},{"block_hashes":["xdgKjeerxNRXGqhtIZFKib2d1/ZTGuun1udH7muYRxg=","96PH8QnAbfc/3+WhNsjU2WfRv8Q0Lu9zEWOFAJmv4qo=","HVUzOMitSrvJhuUsao8JoH4xAU/LBFT7ZdLRE0DnGjE=","k9LBvUgxm2TQFVoKqVZgKnjuDUZUHbuQYFQTnvenAT8=","TDKvkqwRdQuPPpsB0ylKq2Qbc/o2r41zOREarQtalJs="],"block_size":4096,"path":"js/color/color-converter.js"},{"block_hashes":["XVX3nzRnwCdroaIdg7Jw7CX2lOjc/Ga9BGPD1oud9mA="],"block_size":4096,"path":"js/color/color-mimicry.js"},{"block_hashes":["FQq2NOls0sdBIwzJVM+AqLruCla6ohDtqzPBkr2Ytxs=","2jEmA05hZupecIT26HzsOcJvnhVOnPjVwsgc8B8uMf4=","rBMo7j0c42VVZ9JgyrNI3nsq+E3FyTQoL7A8kQmls74="],"block_size":4096,"path":"js/color/color-picker.css"},{"block_hashes":["uTqn0mxhDw+D1+X+mJbwS+cYeft32+X36/1I+7Nr8IY=","ChQZJgh4CogCatErv6U/U9JVrYj5lOxvZT7BAG9vIek=","99DGWhnU7UUylf/mfRzxGcW9a26xrzBFnsxd+iy+JeQ=","c80hdVk1h/0oUmFoOrLn3+q/yUp7UFsbAXKL26yrto4=","hKtfN/CpGN2pLxXpQ79elLRjezOVIOehsRHwhlRw6Q4=","u3BqdRYy5rTHB2nnEMdI5pR63u3lhlj7HI6WbR8rRIQ=","XgucbUwaQh4I4D/iayqXFJWwTVntWLZrgqVQNVyYZjc="],"block_size":4096,"path":"js/color/color-picker.js"},{"block_hashes":["IMSKh6Fv3q1ZpGp95nFgmu/z9AyyMEGLMCm0/fMf6f8=","D0iV+SlJmOpdnFok1ab7YWAXjwSidqe1FaYRptUddfE=","8KfM02unAHQ1ZTQ5VIfhCSXzodiF0P/cqwzc6d/lIdo=","E62T9+ddzfjOvRw9UPhpydjK3Zzg4XH448wdOmPihrw=","Sjk6jJxw+PtqXJvtGUmPyMcYUWx2WXiM92sI5srjWXU=","8xCjK3EhnR7nPoKbruuUN/p79PbdpJZYOSVgsF22/l8="],"block_size":4096,"path":"js/color/color-view.js"},{"block_hashes":["3tFgTfYqQ7ik8OdUpL2hsQ/7mbKlDikGwt2/SDaiwnw="],"block_size":4096,"path":"js/csslint/LICENSE"},{"block_hashes":["SqVZ0ZpstHN7oYtFX1eYXfh8YJWyS5Rlh8gcPkunn4g="],"block_size":4096,"path":"js/csslint/README.md"},{"block_hashes":["fep+inUdQXeRnbDt4Mf7TP/3VPqM5i92a0Bws7zVtWo=","Yt2UoxkCSc8d9XBT5xqfhQWBq6s2+Rnq3BgAK2x0SEw=","uMsmVIxlxiLa46VyzFJgXlxVMeHMe6oIzXY7IdcY9FU=","SsOYUCGLx+D7kq1etnp6IeRNqeJiDwkYn/ysAPOB8Q8=","AMc8SNfmvNOGR+e6JAzLrSLiE66bZhSFHwVOQr4T7GY=","rZyKSLAaMvxOIuf4a7QXoDz42a9UQLhjUxwK9lE2xUE=","ccT0i6OOoEGa4GKgoujPcYBEVrrXJRVGdZiFVUpcRTM=","qWzTXwmwoUzTIv/ogzoZJ+0EV+QtHOwZuVzOE3YBgBA=","2OVTgVxxbtL4drQq0obwf3GZs3SQm0xGsJw9LN6tg0k=","3w0RHFvvRbz+Isq5FmeBQAj9Uw4q5GMgvWIlwCCxkzk=","fmrx+HKJwYsYpDgwyRQlHUiNvbkzj6LqPrRRAbzq5/o=","TEVGEKMytxVhXtstNSYsrXrFKROGZhAXk1LUjB7bGEY=","a5lw2f/HFY08hhbXmsrcqzFKKD/Mw/m3YPmLZSQdKr8="],"block_size":4096,"path":"js/csslint/csslint.js"},{"block_hashes":["wHQG/KNXKJQxexu6ekntn6UOtkkET3gAf0bIPU3uKIk=","pc2S38hOgiaIQSbLEEOBHMhf+bb/Xdd4cM+yv9KZSSc=","YbwbHPHklmrEYDSQQiQGCnLpzGhJ5DM70RSXjxrxgyo=","8uX4/3Dn6edTQFF+cFJr+E7DmwrdyG8AB8pyY2vHpao=","uHobPqBtC5JoOrfT95DIkCixrc0K71ueP6LaUC2BADM=","IVrI8zJLm7ZDM+7aBjqZ3pAgrrIbyKvlVMH1qxhdAvY=","AnhWGhcmAq0H9SUzbSRvk8S7xc170JQAiXSbMiNLkNY=","X7JeVKJyDM6AKYVa9QKeuAzb/8jOpbzOjlykHCz4K38=","PkOSuXKgW3+FAgFA+7WXMwWXaWbxIHktwraH3rU+EdQ=","I84PVFI6gcZ9dMUfCH1+lZrTauApaVW2+gsq7oZ8K3s=","gj1XRVsIjkmGrxnV3JkibkCANQWIzWbk0LkFwPZcjCM=","UKh/Ybzhu95n4Q7JuiShs8BDQ7fO481cfvS5UBo1gXc=","p/iuqntX5Pcwueq/a/DL/nmSiXTQ4LHQE84R1E2DIbE=","q/LeKQc5zfZnRTX6C+VvKrRWGjOuycvWM2UUrCaDHoo=","vJbAuG38zCS9HGBcQ7awylSMLOuzHIKxmgdPHiNa/v8=","jgLH1mgAWg/QePfjgerjkmFCDfMYyx2CA4ZVoPXdgPc=","Ks9kQ6hEMrWQF5Y7ohhQIiolx+vtTr1bdfj7JXQGdF0=","u/GlNS6Hze96ZFDoqh/B4rbSTEZrBluT7CfVEIzqsn8=","kMm5wxgpYy3tB+mgT/7Ifb1m/KevCk+Ct1lujyzl+e0="],"block_size":4096,"path":"js/csslint/parserlib-base.js"},{"block_hashes":["TyWCd2pI2rNNJTt6vTN2SaqHrM0p4VtClBOlNhWL/Lc=","GtzbyU82oGNrKMimkWySgPISOfzFeHdUYm7HB25G7QU=","Ogf9/ThNfRPr/WbiPSjqau+GzJDwVrjRWS2dcQ7FzXg=","5wJEXj5mNJ41J+3Hzu9YbxgD3vu08iZrqziJFIg0TZ0=","Ib4iIMnBlOsggTUNqDXSmYxnc+00PP6HoxpE10U/p1I=","UQX06ZCoM8T5WhPLz3p73vlg6MHnYRbyGXDtBZL04S8=","uzLwlQ5cqynllWxHiHeqb0wuC8z0unNhUHWxwAkjAC0=","u8qsy+oBSPXCPr0fE1wbivmPsZd+ZqahuEHiYh9tMdA=","Jeu6fuNT7uwiAFEM1tuT5N8dtw62iOczQ13QhzM9KsA=","7bGeYVC2drg6c0hgStn8ggT8dNTSdTBqNJI/er5oNd4=","3FYCza4BXi8vlpriY72hVCeShyqlBmoev/9cTNe5Qsg=","0bxDCCbKVrB0caSDgZwDcAe1ahPvCpV5QI7P0dsakRY=","uJiCalDztPi75ww5+SR4jn0QaoDyWZdWzg5VJxsez6g=","DBeEhCCj1YQnG/3lRJueQF0/bNDKcicDvkO3xek9FHY=","rDUfShgS5dOCTNUbJPbjR61jOvTyJtOjG8pNZ0VLbcQ=","8VmrWYVczm0G0UwyKF7h4KP2AlPQw9RzzJjxNmPoa4c=","Us5zlko37RsKUpUXsmLEmTd8x9HVXYFyym3cWrmJ1f0="],"block_size":4096,"path":"js/csslint/parserlib.js"},{"block_hashes":["iJnTUQqWGNrS2/ktiqcz5WqfuLCruseUwDcTQ7TroqI=","HFdIvgIcLI1Lj4ntK7wMavNUQHIeNqznwYOxPx8lvl4="],"block_size":4096,"path":"js/dlg/config-dialog.css"},{"block_hashes":["pj5HheXI5ifspoXzefKIjtaKKwRn8+Eaq1Z0JCsOd9g=","VXQlldgci+yEACARwjfYbYW+FJAYVZSx39LgEXthkws=","HqF9gDkwZaJDSZogOzxtC+EtuKFKx9Flr41GgNvNmYI=","aVy7im6x/7LE2Gn5t5VAeRTlduHo1QUzlAAlTDJpIiA="],"block_size":4096,"path":"js/dlg/config-dialog.js"},{"block_hashes":["GDAlA6/p3cbv1yKgZ7+hZrdJuo6BI1KCdw6uGWRuEHE="],"block_size":4096,"path":"js/dlg/message-box.css"},{"block_hashes":["kamAv3PNmuL2OIRYokdgVey3hu+n0vxES1+0jT/58AM=","FcUvsTNsbMnp1n0HyWhkvd9C/CIa5tBFEkvK9cMezRQ="],"block_size":4096,"path":"js/dlg/message-box.js"},{"block_hashes":["SsqENvDjocoUOfqCnI4eRIqMPd5Ok8WFGk23q3sEwHo=","nGR+RyCtZ1FmgZZ6PqoJp5jiJAFtlgpMTL2vKmcQX30="],"block_size":4096,"path":"js/dom-on-load.js"},{"block_hashes":["fxDdfoGNuGh4TnpaVU/G4DGLsKZuDU4nAWIT3YG8NLU=","aN5BmdiNM90GEQi5jWjDrjRgpZ5UVmgYfhAqo2Claac=","TyYXVFMIvBTmxVzKS/+DA73FShfDn+8GhWjuQ/BJic4=","oBKnFmbHbWqBVlsZlsD3LRlDf1/HR89JD/p3HDgvkfA="],"block_size":4096,"path":"js/dom.js"},{"block_hashes":["8vArWcEmP8pUhoy2baKzshrZQN374w9FCrQl6ugZiZs="],"block_size":4096,"path":"js/header-resizer.js"},{"block_hashes":["fdJ3pklcm1qW7yhvfWrMLfKTsBtbDOZfk0NFK7JcD4I=","h9oeTVaszV9O2qlmQ7HgkxkhUEV8Pc1DXpSDA9ZkIh8="],"block_size":4096,"path":"js/localization.js"},{"block_hashes":["cUMcppQ04i6wE8Fdno7mJb/rJS+ibC7zo/GVQK3ZEHo="],"block_size":4096,"path":"js/meta-parser.js"},{"block_hashes":["kHSqxVsm50QjAMHg3BVQ7YybeWhqXKaQoiTnxzKb1o8=","gHMol2DUJ0hHJlCcgi3QOwh896LM2PaSJ8xWKUaY6Bc="],"block_size":4096,"path":"js/moz-parser.js"},{"block_hashes":["VJChxHc40s3ENBUdTR7IV2KXGwAHBbQmDqMQRelJou4=","y9sUwI6GfFhXvoIFF2UR0reJWjSWhuQBr67Sm1a48z0="],"block_size":4096,"path":"js/msg.js"},{"block_hashes":["gxjXDiIBzrJEQMBjytnrBGjBxnOqgDwUneHb3gC69SM=","umM+Ntp0eQg9Zt2YmyAvsoKsC4ZbY0UJcz7+UkhP0jw=","3/1pSR+dCxH887ZlEWFuIJRRDqw2a3VAUBptGF2XBAU="],"block_size":4096,"path":"js/prefs.js"},{"block_hashes":["E5F7uZWRBDd6gWb9FvQS/VKZ89rQy8ZGjl99vn9c03c="],"block_size":4096,"path":"js/router.js"},{"block_hashes":["dyV8U1KduyEf+l3Wp9xoFKqWkA8qRyTL4zlZeOLhEpQ=","+wnwmQajJywMcBg4CT1qjnR917x4QVEJZD7DCw2EweM="],"block_size":4096,"path":"js/sections-util.js"},{"block_hashes":["hYbWZBaR+iSLBasN0EgQl62WhujHOrrVaTVckwAKA7M="],"block_size":4096,"path":"js/storage-util.js"},{"block_hashes":["46jTa3dUuyx33BlSJiDskA33Dnw9oZI2gt2LUgMGyTc="],"block_size":4096,"path":"js/themer.js"},{"block_hashes":["bG1R5Ih1uuaORXaxPbFwXhpajAfVc9Ejvy/bUU/Z8FE=","ZsiyIZXVdg3AUadrySNkcSoWA2VbjecGkDcLsPkdgEY=","fT267PktNYRoaibGnjtEo4Uq74UY7JjCMJFYIIbRLLU="],"block_size":4096,"path":"js/toolbox.js"},{"block_hashes":["aK42a4rvTYI1YPsnSNiDdYLNrsP5JXo9kn8iboYMy3k=","WvgcNfTBo5qFCVrZE1X20IWv1KVtggs9gQGX/DSrRyY="],"block_size":4096,"path":"js/usercss-compiler.js"},{"block_hashes":["yAb6f8E/uOpKlKOOW56B6aESQWvrp4hwbumOMHgKdGA="],"block_size":4096,"path":"js/worker-util.js"},{"block_hashes":["U96HGr29SF4ieOZiVllbbzrCbcczbGX42ND5mX4aljo=","hXMDqryCWFWV0Vpvg+ZEQVa+AgVq2wMrAET8jzwUUGo=","d4mJph1t95tQYbRbaSb8sBTXDvoRlGxWTosE+UsSS0U=","UgvGOyK10On5hS7z0REafDmkaHWUyVByuv2vk12X8GI="],"block_size":4096,"path":"manage.html"},{"block_hashes":["j9AW8sDpbY2kez3Lo6+YX0Zc0QLg3CYjp4tyoUldpYk=","Nv3F1ZFiy9wc2HUcN9bBHSENiy5NyQvRRwRPwphTfiM=","UILJLVQbU2ThrFEoogAUTctjIU3Hk2oHv/D3gg8JHlc="],"block_size":4096,"path":"manage/events.js"},{"block_hashes":["fLwTVdjSC7RCdJVlT2l5JydFlK/czZnVNzQbePMhdgY=","5722CYY+zjCOfznq+HQzNLwvEa/Za9uBZD/EBWlYIrM=","JimAC29h/C6PBGz9vxtQyxa7Kz7gpGcyrwJGl55Hz60="],"block_size":4096,"path":"manage/filters.js"},{"block_hashes":["nAOfKmvjxeoNih8KVyKQwUmx6WOCr6V8wjrNHWtY/8E=","FXCiiIk85L5HSeCJ4o1k6sqJcbog4K/BsuAi7c+4Sz0=","U+yKqWNVcAGjh0v68ukmYnrj5vQpI0IS4z0xcnobxFg=","zFA81fwPB6WuuhwDOrQ08n8SgCQHB7INJMvgoUZuUow="],"block_size":4096,"path":"manage/import-export.js"},{"block_hashes":["n4mZKFUZzB+nT8GxEnyCLRGci4qwWxoencTkQF2xTRY=","JHvUeqZQl41Pn72zEOEqhCBDsy0Boogmr27pHd2iV/U="],"block_size":4096,"path":"manage/incremental-search.js"},{"block_hashes":["FUt5clhSfa3dyrizvqyv3JDQndLF9quai5M5vaWUXLg=","PiWJd8wfnOTwbCm6AxAGY/kYvRTFowwzfz3FeKnJMKc="],"block_size":4096,"path":"manage/manage-newui.css"},{"block_hashes":["sn6b/f6SAbWbJ4rj0wK8Qo6sK/XmSCUwnm1ygQ9OWlE=","2xMEtKj83BW4lWrXTmQnlV0ZazSN0gqnkJXpZoxa4S0=","PtUgF2KoxoPf8zIcs9qTcqMtDwolTR45LMN8wY45ETo=","4BA6NaJ2+DguyoCWJmhhmjqVl4bwheRKP/ErZYdegxA="],"block_size":4096,"path":"manage/manage.css"},{"block_hashes":["yqzhi2XKk0mhCqlGEPwGlnbLZGsECFJW9r5BC9DXpqw=","sYO21MwGn6zQ9KnJneDck1b61vsoONbj3V3vwhm3R+c="],"block_size":4096,"path":"manage/manage.js"},{"block_hashes":["WpXFVqp8O+2IC5xRm1I++Vk1HR+oOy7YRnvE5R50+OM=","T4zdFPRcUOuIdVbQCgPKHVPYTN7Z+B0No08CcHw4PCo=","bK4/aX63LmBbYthQ0wVZnytlOAXD3zH900vaVSYKsaI=","EKj8vN+eJhlTzr6o0dYXHt+qNCtJdhaiKBLqOpIXpFs=","36h7YbzyHhA/8fYmmqsh439o/Ss78F8qDAx7s41KbqI="],"block_size":4096,"path":"manage/render.js"},{"block_hashes":["a/5TQhxtf59cXTf0/G6LFH+akFry5psJxWLJvBRfcZc=","yhGPUiq51tpnQp7/JjpcAg3V+35ytj8wZlPQ7nXR4KI="],"block_size":4096,"path":"manage/sorter.js"},{"block_hashes":["pThT+NggcglMr0n1P6F0PChFOF1dvQbQHQHobG5Mdxo=","Q1he2ONr6EE1G1F/FyTrbTnVzrZcdC6KAEsiuoUVUf0=","PzpwN5icIvzqlEW9C/hDwhgwai7Fzr9RttdPppoiH64="],"block_size":4096,"path":"manage/updater-ui.js"},{"block_hashes":["HJdQSPJYCTdRNLRFo5G5Bz3C7Xa8LnqxA/JwvTIIDxg=","we9umIgjs9T7zXYRYzdobGIJwfOg/jl14Fu0PK2xvGM=","XFfQvFW1mMt9FOTUCq1E2WQnOqGZ+mnnA/z557su/po=","ZLGoATMC2fQ5hSyFixv66V0GS8pubQVXD2A2hSzghxg="],"block_size":4096,"path":"options.html"},{"block_hashes":["QsbrgjPg7NtpuBUUdXv7jK+/iKJAS+oD8FU6sv17tTU="],"block_size":4096,"path":"options/onoffswitch.css"},{"block_hashes":["YIFBCvptS3eXA8/hDTLs87cVSZC89FHC8dmuhIZH2To="],"block_size":4096,"path":"options/options-sync.js"},{"block_hashes":["jW/0qPg8qqfgoMzRQx1dUplX++4rbBhStzzGLc1mWA0=","CValSS8PZLIRBmyH5NyaJJ4ln6jQg3T2A/ZVAmKXzx8="],"block_size":4096,"path":"options/options.css"},{"block_hashes":["kGwBegZhjyXo70EKfaBx252ZKFSqmcjnJHLOx56jD2w=","IjFsok+cGOffWQeop1itIKbL80FPGSHtc+Ac08cW9yg="],"block_size":4096,"path":"options/options.js"},{"block_hashes":["WV8dZLZZqDC0Fg4WuXn0LaM8KaWSWF+dzKr3nGB5yyI=","0sjPd6nm2stGSLNQk0p+XVbNZJ8J9iwj4sFxe4c7BPM="],"block_size":4096,"path":"popup.html"},{"block_hashes":["C9iW91pnGW4d7fl5ChiiXpXlKbfjeQOapszhgUQQE/8=","DRv8yp5RCnNkQagkUPpvSY9GeF6/Y40kgGkqWlrcQoE="],"block_size":4096,"path":"popup/events.js"},{"block_hashes":["TNjVKLhIFp4NX3p4/FHm9rk7t/Kf04HYbc4tAnXjWYA=","SjDPiV5rcVn+eprtIxr8oV+qhz/ESHEzGmM9XKEE/tc="],"block_size":4096,"path":"popup/hotkeys.js"},{"block_hashes":["mtEY9iWYIAeFqSoSI/FNMLqdLbwWye2yJ4FxyN+AAH0=","jZgdpo+6W0g7gL7TEcXjpZEGAVdSuIF3pBT/M+k2SC8=","3ujHj19I8eiX4ZLcW3kLOEBRLAebs2ZyvBsKXvdzPGo=","rlskTlSPLS6+i9kc1DWc6X+V3AFm3GzHffHXPr/GjXw="],"block_size":4096,"path":"popup/popup.css"},{"block_hashes":["3cyZgybifzp1ekQZa6eaLTg0mknSkz53SUYGLjH6f40=","9/NJfsJuiuidm7YFeBoPIxEVqLfYOc/2k1CP8fDYzHY=","vYvqiZzCr2EYZX2EDQpdCFz8WtjwWzmlXRteUwFwdpk=","kMR/S3z7JXKiA/oM1+/pbFaoo9ITbr3h4DHAaMu9Tpk="],"block_size":4096,"path":"popup/popup.js"},{"block_hashes":["qYzAAY4SP5i6rTg/4CB9vCxXHgs04ALV8ig+Zkl+gPA="],"block_size":4096,"path":"popup/preinit.js"},{"block_hashes":["ATGJrHx1tplWcqXlFVC5GbZEbYnqGEJvhzdHbvNg2JU=","jh4CMCggPH0ACWQNEUJ0s8Fgd1XdkIt6oMFxho2JgvA=","ni0A75MLtdtW/z8hFdGnO8BOpZ058NcRFC6olcAmpNU="],"block_size":4096,"path":"popup/search.css"},{"block_hashes":["uWn0OItyX3p+80GrgvECGSr3tfjbkJ81VC4Eak7P/WQ="],"block_size":4096,"path":"popup/search.html"},{"block_hashes":["gaPKkDdMjLo0qT4HVFJxjGYvELiXx+IAgTWGyVVZQ8A=","qiu/OPLXgSCJTwhgdEFN5VguM/u2/9U56U1/MzakqDo=","QS+bMaQK3BVoK96NntS8/9S4vH3y15yr1WVm5gZUu4I=","MhpJ9PfGxQ0JL3dlzeus5xoCw1HIQwgTuQEi1EI5k/M=","TX9+F6c/CAM/E8vIPAiGtbaDP4jKWg+/kgfKEgWTsfc=","dtEmf3Nsb0+32N2P3pbX7R7s2Qy7mF0wo83box1fWoo="],"block_size":4096,"path":"popup/search.js"},{"block_hashes":["7c/TgvelXk8UJPvGhwYvdbtJu3GnVbZyynA5cSDWUBg="],"block_size":4096,"path":"privacy-policy.md"},{"block_hashes":["DKaLGHavNHztgYzCPzdoKIyT9P+sMlPQ7qPeBPG6X9o="],"block_size":4096,"path":"vendor-overwrites/beautify/LICENSE"},{"block_hashes":["k0mM/x4MZZfoVYWopgKt2O1oliFpTNJsmhIZ9uH+A1I="],"block_size":4096,"path":"vendor-overwrites/beautify/README.md"},{"block_hashes":["VoESxzR0JW1gSPDXcPDHAzc8ERm/PEFIuYhMXzQpe6s=","AoquIVdN81wlPnttmOTYi4SJLt2surmAq6yYF/kwJc0=","UjP7KY5XcU3xM6D/1eVZ0Es8pdsROj1VRGAFEp5eUyQ=","VYI3mbXDZud1kOtLY/H8dcMqrhvP11jqk7SNkiUCaIs=","WE1XE/Hn5ZOxySbhBxTIrD1uoWvvQLtK4Vassf2XNas=","DVZIRjUh8i+cnyM+jv2OTrJNK2oAFyuUGN6jW6ISB/8="],"block_size":4096,"path":"vendor-overwrites/beautify/beautify-css-mod.js"},{"block_hashes":["PMWMUXLtBwgaGE7v2hTrD8yA8lQtDZ5TXxVkwGHXd4o=","6md7JpDywEFaFsV6t3AdNPgnDx3UfqBNnalhFqcdj1o="],"block_size":4096,"path":"vendor-overwrites/codemirror-addon/match-highlighter.js"},{"block_hashes":["o/L+Ksa0caqAxzfF0oPdBJvckDpzg17m1NLKwC/dU78="],"block_size":4096,"path":"vendor/codemirror/LICENSE"},{"block_hashes":["7Juqf76/N/mwaRkCCTajF5vR1CId3Kw/TH16vYlWFCo="],"block_size":4096,"path":"vendor/codemirror/README.md"},{"block_hashes":["LYw+2MwhTN76yRCVvuqCQIXhAC6CEV8sE9OS1HbEJTM=","RlFsLcaWxmvPA4KPU1Kl1h2HvTVs2k/Nvr1fKAIDOLI=","k5brFP/vB7Jw+A8ZE+jYHHpWBmBl3eCwEEfDq98AVM0="],"block_size":4096,"path":"vendor/codemirror/addon/comment/comment.js"},{"block_hashes":["XfaQ13HxIRg0hWLdKpAGBDOuLt7M0JCKvKpEgLHj5Gg="],"block_size":4096,"path":"vendor/codemirror/addon/dialog/dialog.css"},{"block_hashes":["VfSnqJNVxwRfA6SEsMv9ci/bCa8sPNVqOz6DetVgIrQ=","y4K1M31meVcgT7FUZkxDWiMwEOCtdWo9bzVCqTFrHks="],"block_size":4096,"path":"vendor/codemirror/addon/dialog/dialog.js"},{"block_hashes":["B/cLktDetENnucSCCsCLbkAg9e8Gje6cbfnd+Bj5QO0=","LylxPeIV3ciF1PR9RDC7aqLDOIt1ZmuxNA0v2U3hIZk="],"block_size":4096,"path":"vendor/codemirror/addon/edit/closebrackets.js"},{"block_hashes":["Nye3ioMCVT2KcTulCXekeVpVTX487i/S5zciEO5URMs=","pcFJW9DXI++qZQ3cuRzTbMLfb+5WIvmlIv2zUGAazMk="],"block_size":4096,"path":"vendor/codemirror/addon/edit/matchbrackets.js"},{"block_hashes":["sXl60uL+zUxdveWzNMHDiXEdBPiF04Wnm50tdnb+k6U=","nyKYN2jYjt3cENEpsBTkJ78BV3HTirWUtnB0MspV1x0="],"block_size":4096,"path":"vendor/codemirror/addon/fold/brace-fold.js"},{"block_hashes":["nLBh1Q08pneEvG9yQEdqvuYQNEzLGvCSjboui71ZWvE="],"block_size":4096,"path":"vendor/codemirror/addon/fold/comment-fold.js"},{"block_hashes":["NK6HJg1HFtEFEdD/gwpbDDrxeebt/Q0/JdW6RCL6Zco=","dSN8hYc0qMPZi/76En/Tx60PPNegUSrniJkFMlbuNxQ="],"block_size":4096,"path":"vendor/codemirror/addon/fold/foldcode.js"},{"block_hashes":["V27800C3cLYNd9jCnp3za/WFdjkb6rUbQ5EU5O0BrFY="],"block_size":4096,"path":"vendor/codemirror/addon/fold/foldgutter.css"},{"block_hashes":["vkCb9gNIRKKaKK8M81m28banKp1KPtDMbJmNX1abiOc=","pPI/syFylaprU1zv4HG74+w74pryY1bX1o7QX93sVHs="],"block_size":4096,"path":"vendor/codemirror/addon/fold/foldgutter.js"},{"block_hashes":["C0kLL+hASoBiDy+JwLcYRWtvsC5JV7hoc91qvEXqmLk="],"block_size":4096,"path":"vendor/codemirror/addon/fold/indent-fold.js"},{"block_hashes":["EcHFsXcHuWCAAmAfi/O8Pd19eOSOWxu4kfxQQPiYo90="],"block_size":4096,"path":"vendor/codemirror/addon/hint/anyword-hint.js"},{"block_hashes":["GBkl+mymaYgiHE1nUvK5Slm0a7uLzeiUO254td4B9W8="],"block_size":4096,"path":"vendor/codemirror/addon/hint/css-hint.js"},{"block_hashes":["CUjnPhsnKSLm+oJjBPXIly2hDPC3NxJG0phsRnWsxVs="],"block_size":4096,"path":"vendor/codemirror/addon/hint/show-hint.css"},{"block_hashes":["ER+X850kx/CRKtDieHbSyZQiaCbByJDO9ya7y+9RJEU=","1i0CT2Yrx1WKdE6Nw7TKcgIgAVkcoykbyqLko3/Xo40=","lxZxtnCuQsTB9a/uLQSIKpUC7/1ZLBLs5+CwgBQqhPc=","jTqPylDcF29Sxi2GQ2+VTC563RJGCwsdGxp/bBmqG5o=","yzRjiby+M2k3lGda39SWiDFegyuAuh/h0+2Pc3a0ETg="],"block_size":4096,"path":"vendor/codemirror/addon/hint/show-hint.js"},{"block_hashes":["Lkr/OlZ2hs6xJv/yEQbMoZ6bIJ3f6FOHziZA3fU5scU="],"block_size":4096,"path":"vendor/codemirror/addon/lint/css-lint.js"},{"block_hashes":["ECxRaYIBBR9sQMr7IwDuyK/rk+WNpP9bo1jAqA3Cmmg="],"block_size":4096,"path":"vendor/codemirror/addon/lint/json-lint.js"},{"block_hashes":["KekuAcCrGWlt5PpmDcxg0mOhuSRwAuDe83yaAJUvrHg="],"block_size":4096,"path":"vendor/codemirror/addon/lint/lint.css"},{"block_hashes":["0ZLewMG10t56N0muXqBFKOveP8yyfGfdUY4gzTst/Wc=","4j8o74hDPiU3LPt/UogJUm1IkA+5rtofPK4SM6NBu/o=","gNuXL1BmENWfBIx7v7i4ygK7jjaw8e5C45dUJwR7tC8="],"block_size":4096,"path":"vendor/codemirror/addon/lint/lint.js"},{"block_hashes":["JIAWnCrFBljPQtsvwsoq4OjT39leErVmGsrxoqef2gs=","PXrEaLSpgc5iwHhsIdCXgZkgDrT40uEL+arSjM1IDAg="],"block_size":4096,"path":"vendor/codemirror/addon/scroll/annotatescrollbar.js"},{"block_hashes":["7k376bbRF3oe2V8vbJRGVHFlfWW2fmcZTeUdsG3Hdfs="],"block_size":4096,"path":"vendor/codemirror/addon/search/matchesonscrollbar.css"},{"block_hashes":["s+ZOZENeF2CR9Hq3BJYbSeJsNYSukqBQO0558NdfIsM="],"block_size":4096,"path":"vendor/codemirror/addon/search/matchesonscrollbar.js"},{"block_hashes":["VlTmytyUKC66OW5UFd4BdOYe45w79My6fxPVad6HBe4=","qapvjTTqlQ/+/7uxwWzF1So186ZJYZHxPmSQsXnjbyw=","Ma/PA9m8j16cokiR56MTEuLURYK7DsqJ/mJj8+5tBuA=","4bR29JenHXcxF7Rzyq/H/LNMgBybFegMp5dcQJSyieI="],"block_size":4096,"path":"vendor/codemirror/addon/search/searchcursor.js"},{"block_hashes":["FUypsi56uQKtb1WbXzrnrbldJjo3woHBVZM3EpVPomM="],"block_size":4096,"path":"vendor/codemirror/addon/selection/active-line.js"},{"block_hashes":["PugBDoDqn4Gve0i42blUQifndOGLH08PjcnHTsPGyq4=","2gdXMwMR8lxO9lEguMQMx6VukQ2TebSc+J7aBesghIA=","6PiyRB5Q2d8ivBxATO7+pc9UCMdoWV1o0fqWnacEth8=","xhx0VC6uN4Ba3ColONAuqhc+/k+dXn5Gj29MSG6n1i4=","ONgwWF0CXKHyAz6DU9mRQcKSqFaB0nafC6Wv5oqUeBk="],"block_size":4096,"path":"vendor/codemirror/keymap/emacs.js"},{"block_hashes":["tkqdsxngDBS6QcDsWuHAeawhLI/mr3/6BJViIyCVgek=","T6ZnIxjfAuk1ztdOmvq02KzsBWXW4to8HbTI9MzgwOQ=","71oKO4zELzmuTlfGg5/SxuOkT2NkWHXz9g3NeGJ1Kyc=","dGF2B23gKeIeydJYaeM7r+hfm9Vhdb6FFL+NSHWUUzU=","/qvMapeFJKo6bZP8kC6J+1Y1yrFoZjvCGx/qVedRF9c=","C0f6yH9r2m0kGn4IHOX8AvmmNI3aICd/80fvlFngcDg=","+zQXN4FJ/j8gOY2NCY/wpNMOzKdTnQUBmM4d931kHTk="],"block_size":4096,"path":"vendor/codemirror/keymap/sublime.js"},{"block_hashes":["OtLyAIbyLah3jj5I8QIGrJ1XEx4pFO06RIoLXl1m30I=","VbVtXCvx0A98e9aKuIMU4C2uycjoultb5zn+S+MkeTg=","f/b5mxCxGZED9VjLFVNqJSYAvgfZ/FPJVZxFXOPFM6E=","JkTBDxFMLgllh9w98kG9LzqKjBktd4sfPb2sr2vQBsM=","AIkddgCJAyYm8gLLbY6Sxpws/pRBLsV4lVHMTe1buPQ=","D17aDV+HHIWaAev/DMXCoMffPemk8iwNUk9G+C0lOUo=","l/mO17zmfjcVcbM3e5QTHFIaQcxGQNVfp3Pko+ACXAQ=","N43IezaR/UU7wLw8woWZNhCLJb7Debh5Q26y7zpmPus=","tOczO8iJEm4f0hy2w63OMZCfEvNpx+GhiGz4iUAtJgw=","NsQM3HfoQ94uDGmRonFtIRpExmFTLvw7ZOo1DhF+9n4=","PkrYV7j1oe1yzywLzGtNd1pRwrxfMmE5h2dAt1guhTw=","4ZVDV1PrBRzJzKpu51YQAZ5fWWX0uAIkIMFfgVPJEVU=","pTJpcIjY/iOxxK4PZgXgBSX3MmcXWA8dTJZXjkfptT4=","IwJuW6mM0kIkJNvbdEi8BFrfH6duNtzddJBQ19fBzJo=","tdJXed5Uu+aJzerk5DbsbDwbDgJTR9kgQdzVe2pkcSw=","cPK59awb4e5x5bubmTOF+F7C2d8z5OVP0KYhbGEVW9I=","eaPfvy+PReGFLOTnzRCgws7A58VvNDJuhtfdu3OFwxc=","DK6mJCTmqR5QPUAOs1i1owAnjuvT/Kj521NjSCb2PmQ=","SUX47GJ7grMOvtjeF1IVSGELZZ5oU7sFIj16x1rTmBE=","Z2vLb+ZNenrjHhxppQIh/Ns5fnjeA6AmpnI3CCEPPRY=","qGTSCnXRfAnpfZBsopWu4FKFIbwyVX7oZXe/bll0JrY=","GZSj1ViOjpSHO6q1J0UgdudJMkmXg+hOXQFHRu5jDiU=","spJN1QSXrTAAzXDxi+sbodLZ6fuEKtEE57BAipSGcrk=","LgDmMR4RkmcwSi+rzAtgbjFGXKwRZi7TETJnHQfwFQE=","9buEe3hB6xC7PGgbzCbUNJSbDNSLFMIg677nY3JtuWk=","KNf0/QDjc8dkD2lCqUQKWHxu5JoSOcQtHhtAdpT/eyo=","8twou27lwwQmmdmcWGiobHd56EZqfWRV4C5BXqAEhdk=","RaJLZ7ACerusJnD/Z1vo4COWIzYyTs7FR7t5Fu8CH+Y=","6rgJiwa15O7tbAcvC+GHT5eL1rp88yN67KdcoPMaZ1g=","ZrR0E4JaBsJgvgV87BNY1+MtCh0/Xv9/vth5Z2k6mx4=","Q2QR6mU9LHxesP82PyJBnwjAsPRQ7grdFJNBfKcUvDY=","KZoktMGRadgP7C6tZh4QpT54FPsNoK/39PhAmU2sLYs=","Yg7RuiVBFGHjZGvmgM9fyNotoTPU7DtoSfo3n3rYgdI=","T3i8OXQuY1lqPgO8dCpiviQaB1PKfHsz7UOaQOFSfig=","OKpHvsCqJgBe1cVWawhkqGeeXdB/pZfNv7jiIh+UGM0=","d1CPjbJ5Siz5p8FdmOn93e5nsjivfawmkVToLp452hI=","pLYo6LDto/9l8DrJb/mfWdPkAxtFIE9nrgm+B6NsSIQ=","02qGrkQQNpqO4zDmItM8CPqX4lmf95mAl+NbUuuIrcw=","9oZT7xMjRUd7pva1FgXx37Ym8383vStXKAn8iBFPqO0=","Cuc+wa2t9TyRD3PEMh0Mjky9lKTnAYaVQ3dydWI5LLs=","1howwZmzZPX/9uqtTe7CPO2DDWdkA2lbSSsYkqfT1fE=","gyjFLrbzsS4ro/BV5BkTccNv/60kqMsnA7bHH3NiPsI=","05A1CQaz+sJmQ8a5pcIxWL2P44dSR3hpGeAjK6pFSVI=","FWSub+GKYyI9rod+UIk99oo9m0+G/gvSUPQHJdsQyPg=","Xygm5jSP8L6EAkB04f2L+Pjvv5rZxV4V32e6UcWWRrI=","kWpWaGx+V8XTxG0DlwnKwWQVKX0Fx95LawGUq8+uU04=","DvmgncYZyogEASjHFbWEeWmRYizKrQgNQIeENV2RVzc=","rfEV3a9aNq3FPAJ2FkBZnJGuUWnmmdO1GM+Ow425w9c=","q6VNTlb/G0Z5s5X+aiVkQM55ysKWUiZHK5+r2SIiFBU=","kR53mDa10wfTESTH+VoffwZeMnS9otV7/V1Jd4LqxUA=","R8uejTnZYnQO4uGWD2YXfGcZzaHkVUl0WQxpj3Rt+kU=","5HuByPLQOXHdOjm+hy6AeIy9fcAy8yqtB6cGAMSY8WM=","vSNGm6iyubqgZ3Itbh6kJ6eQDHoYc2vRNegy0RBKbJM=","c7WQhClWuqHd9U0PKUBGD2Iwya23LQTi47NXDd7y1vE=","DXHNtojBQn6LufCbzLJZFslhnlbEHd43Ok1b0J2WjPE=","JjNp/cFHhwkIYDjymoGpnMLYz7XjYE+9WEjtmVqBVNc=","uS62UBkWJrq0UZmhiSmOlA2Vt1AgBpHR3cVL9RBCvhs=","dk5N7laJ3/leCTyFC1a/j+NazRC3u79B0+rePdF8pZg=","FhJ6kmVH4dzyVSur0FCZzuEXLfmpW6lZTWxMcKyHuDk="],"block_size":4096,"path":"vendor/codemirror/keymap/vim.js"},{"block_hashes":["0MyIqDGMyg5HJO1b41yyXALLdskx8X6NlqjFD5ezhKo=","X13zJ/rb/ObKzzzH9sa884wugSdvL9rCSFBs3vFHUdo=","FM8eybitSI8K3/y6/77GRcWap6otClvlrb/UnVZLZao="],"block_size":4096,"path":"vendor/codemirror/lib/codemirror.css"},{"block_hashes":["sp30V8RY331esCQZknqfIQ5VoxCYOeUfyo38RRcglQw=","Ai9H4ieCv+1xc0utOIBU/MOoiL0z6mhbUFuu0gljt/s=","OVuDLPTYqP/drUzDQpLEI9Kwf6abZLAzB3+yyFG1EwA=","Je/JEJPYUEJKSI3PQ8oqY0VzYk+bNPxahi7ICerJEKo=","AVpoZADGMvQMiqylBXXrtddZmdnsRjwk991l/Ajm0CI=","9tIeaOBwmrnYVPDlHJLUHtnOGD7WeZp1jX0bODk5eCY=","59Ron4Vep++IpMZkDrSxaOx+y+pzHdXXUWm7DDAXRBw=","umZQl58tUyylz5HwGzOdS3qE+LY3onFowz0Y3xYnpbY=","Wdz4UYwNeW0Q9q3qbw9im3jG+1S6VBtARz/POV7HQ04=","QPPja3247E/G+BpPkF1VEiUvBbZCtx6jWI0rs42pYs8=","IpQcpS4V8bP9BFc2I1872bAj1B/ySKU0RjGjQMFCa/E=","DUMvRp2Mb85Wc6YbJik05Cmr8eh6XrJ+2RTJG2ebGXw=","gyzlDVpWTC/vl+deMNQrxD+Vm+lYqZl4BJOplDsqhcc=","NJkBYsgqLAkTIWWLHiRLjnMae9MWYvVpgUU8JbPFAcw=","Uh+CI3IQO3Vq7fA0lIt5TyTwQ5KPc0+maJSVZKy4zks=","Sk3ii419Xsxn/GkRPsQncSuvspxo24prFyw3LefR9Uw=","gBizacB0CeP0AAXzoZE4ZB1nLzKgHfLdXm58auaRM6M=","Y/U2abJUdfVFIFgpaDkYjv5FTzgkM+AyDo0b20fx5Ps=","rtwslW01Ku95vYfvUOd47tq1xlWeOB/dwB3BhJBUcA4=","xql2ZXnBbDdIeYd9CLJSogbgcJmfcgdS5l6O04u92ZY=","fT6OSdXmQS4y83SNoGgSA2YhhYxZUG2B94bAdv4yvek=","By1gwnbKNKX3v8qDFkaa4XFIXziRk+FIDZAfYrmQWzc=","rvlvQf7m74ZxbaBGz+3LYhJCzXLu9XepUZ73odqU3FI=","4hNmxDJhH7BjDqaWgmUqyp5lQWhchvPUnhTCvxvgA/Y=","cm5qn45D8WNORJu4Di2wAbXLP9hidmC5Hgh3vhgcUyg=","M5GkF1xsZ8cjIS1u24IwtMY3+2mcG6xOGPJZHtwQMHw=","UPsN+XAp8kMi/YjPT6q2bwjBNakN/9W0NfAr7kG0KvI=","P1fDl2KQDOPGirGsiA13DPcxmen+k5zj4H/MxgDiUp8=","fO8Lcs9yYbRTbrTg3o78D60xuhm6dSwCC+f86foE3pg=","5zN9iOfKy0g5k71Ak9KfBBR29rxXgywESAqgxV2UCzU=","NqtUJCKb3cXl3QMadCafEKdLTpOMVZzuZW2B2jCbtQQ=","pbGkXntpxDfEAi957dV277oNY9g6lB3JMPDt2xtyt/Q=","TqH+QpE1+UdztRQucSijMDtBp0EAcLJhV6v/ya/rLzI=","WLALF/+sJyzOLupByHs/rKGrgynJskqfNv4pOmi/PGM=","4Pu6RbsZjW1hddwFtcjAT1HRt0baT2ffaiM3ntfO9nI=","Ydhf8X/r4KiLaI0azTLuUv5ErjbMseGZb0IiSWCz31M=","dLMnJxakhcqopDVeLpBXGQn8NW26tGzgtqPKjatLRNg=","vQY8tGTsMh0Z3w4MkpDFQif6LVUkHpSqjxdNOohod9I=","qNm8V/fqEoht/IDbDDRZ+WNQflBdrFmaEiY3lAgovPI=","/Lc31oi+ZTkHqjZWdB6B/0+QcedPT7Lf9Cl2lxr0Ezg=","t4tI8wFZuHN4NdA4ueitQ427eS1t0q/ktAVm7od9gWg=","ZDnpoeAvigBDo/eenXrNLiVPF7Hp2SkGHKoa3q/RYk0=","am/DtyOvlgJuJa6Nq+9V86u5xqIKSHo/F8BNYKHxfgw=","zbPfJW2+lILmimlQWopjSboYmRUIXyCYY+aJh9V+xZE=","swSc13lyzMBqBI7bO+V0nlzVB8l9TFoHXCRL4y9R2Rw=","BfJrVTLRojg4zltsJ4TwfFe8BFWmijLWc/J9dKNlVLs=","JtQJaqphGSaQ6E/C0wpXVm6akRch4mrURw/OauScZj4=","HwJuG4F3trrUJgRJ1xKGT9e2c4D7Ns8jejdHIFNSzWE=","QIB8Qb5ufF88OMRoKViAEb1LVBlaJShCAmtR73FH1pk=","ycJsPyPm0hi1n8WYeg9aRH47PPiG+4MTFxR8TItbJcA=","+QQriuMRaqmks2O9DtI5kTyrtpf5Vs4fpjTX9KkNf64=","DMf3EpFAjx66/0/eoX6DMXYK5CuobWM8zURygpiO/Q4=","Y/LYvDlZW3ePugnnV9heoB5gQ1f8UnsZjq7O0SADej4=","avWlgbHl3TDmhxbu/+A1rE8xOF9Bs+7ChS2XATKYPNo=","GBhoJf1mVe3qzKa8zSEiscvQjAaEIb7OF/KMZd52s7A=","N/L8TbauVkbqK/fBl3rG4eG8U8tlSHQERjQSDPX+DC4=","gkgIQC7JNmQWZn7W1nK4R2PW69Ym28U91JUQZMYeZ+w=","g8AfQ1vk92TPpKUaDbBJhktpbTzTdrPztKd2JAnDJuc=","HBTKOJ2S1imMu+LpnXwUGWXaxtGHmep09mx66XHPkXI=","DxNfRyblG36PzQDelxZdqlXLBGKHBOBnr4L6h75mTQw=","MSA3OuRBmG+Ubxv5TlbW65jBYuoPobcNxDOjD6N6rwQ=","p6tNPwZjeMhEaJiX3oz5wbisjt6ki72uWnSBPj/XGh8=","NJ8fJF4LS68K85DLcYqTEDpBZPGSUhyrJ8cEfvRiesM=","juaRx0cGmnonuocM2E33ps2S1/80KB7yWIN3QAlmDig=","jJjjnHy3UlhDvidAjUliu3rk0iUwkzBK13Y8CldnkzA=","KHyA9kYp5B2+VqQTuFuwXV+IiZMAZxItxiWiteE4Kw4=","i3trbVKCPdxaPqgye9JAljWYsrBocnIGAZAnO20mxZA=","29STPdDZGqNCIPl3EpXsFMOos4nrxqAvPGycINbXeYM=","kv+YENn0epmCCgmbj56UjNUdbokeTiBbs7kWY7WhLP0=","qXTdUVd6dQZXplGeg0eYPR6RjMxmKJqfsuwObLzc8tQ=","TyTIpLMx26WtHL9C0LMHMohgqpG+GhHQmk2dFQwm7f8=","xlfZWQjmiRR8lUIg0MhJ32tct9/ShOQYf6grzyXThpM=","HdF5bM1iqyRTjpXHnyQyllf+IW5fALmJEL4hTlurhBs=","auQ+afubE/mEIogm//4LHjotS5zcBDyYQ4gvUTa3G1I=","JgI5by0bPRc6holnWNmmLJt/OfslGdbDWqPAwdWwppM=","nd3hlhxQYX4LnR55D94UKiEeevAUDSsDrwCSDkMad6o=","FUj7LsQ5vQt4j9VmCZu4k518v9q+Zj87Veas9OoblJM=","Hwl0RBQT7vlm14CRGt+xvskvyJkv0Uo6cV0w+RPm0uM=","uPXirgct+hnsKV/8O1SWixSPIFAOW/txyiXjnC9hkOo=","fgz+doNg4V+feaMTF/hl1ziQbR8dGWqmVikIdSzeccg=","rzdgY6uVZj3Dyh7gEs2x/PmiP5XAg1iG37t0THwADVI=","pgLit2kWAbjlsdQSC4CvVKMWO5czFpYcd3APS7fkzVo=","i+BXxQ9DaKM31grB8suT47jWOwXQWhI9Ow/PmtFGcVY=","2SZXbhgve8Xzbyh5EvFaMNzkl3fgMblrvY/bAJ/zAd0=","SkI9oElfcjDKANlts7M6vN0ThVSJaL06suWGWtk2tVY=","e66GsWO2r89Ii3ZRIQwngOyq0z/v/OEg+Jeu54iUOug=","SBjfrfBYne8svEG2V6oIQa203HfBkytk6uGQcDXaYig=","uVHfqxERd1niQOfykH2f4aHJwNPqy6JM9V2QdyE7bYU=","q2/HKs29IRMaUNBxk4Z0qAeGiQWuSi92fodc6vPyIK0=","KEBr9hi1rUL9/EpaUgo8YKJrDhxZv+AAkcczgsfCZLA=","ig1LeOqyuu/mRYO+jeIl0gt8LlPEyfCdZiZeNdkKl5Y=","rEzGhrMc19mX+vlcrjCykHIqx+Fg2MDkf4ubKiTEUo8=","omHywNREf3+IYLMkZBHqxbpZ446wfFqBvw7tkrbgGec=","R7KKuUeXaHYhSBjUYcqzxyqO1J4t5nXyyPhKi49F/6o=","8l6IaavbH6sM7UAKXnQbdK5uF4wm5MwI0nmG13eHzzw=","KjnEz4ThFaqRtMGwYnrZvqr4a5FirddAoCKkaBLQGkQ=","H7jJfNnI9iOSjj9VREWWD8/fSOk1L/m8pCgCwsTiT08=","JFNDfQHLu9gWCxpo2PNYejtDw/x5LAF7ppdCyrTR2wk=","qoEARL/UByv3I3KqDk8m55Igvi8OZlGwN9ktBPLQl5I=","VHOJcnsZeOGGOR1nbPy3aHy+NWtdS79tNJRj360pG+M=","KI7xXUGJP+IYesah08rzhYysRfqtYDQGb97tlW/C2Io="],"block_size":4096,"path":"vendor/codemirror/lib/codemirror.js"},{"block_hashes":["mbzjHN8v+/5WDAPc5uu41QxNQcxQY+cQIE90OyvBiQc=","BeW66+SU2mVd8bS7sfCQ5Ph5W1AOMXMHpX/rLzLbizE=","K4L2b+6tNcu7wL0afegEntO0RMHrs308CrhNsXHfd4o=","pvK0bwpiAA/1mKx7N0UVRYTYNatQnWyUg8eHLAfQN38=","t6ENGr4X4g5iN4mHXHd5Fzv4H2kJ++zCgjSzu/6bWhY=","cgzhnfHDpgFdb2e6Jjx/gaZ2+cZOp5fvxbluEvrWZ84=","QmSj54JdRVjwyy3lbvGLy0sCa2kFwLFIVxJODx+rOWY=","RPVd+2wUCyOieKOObn2r10l/oFlgnwbC+fTsnJpsYDg=","SEiQqxJzE1GpShO5xSX6+HzuYGfUaazMV/9ilLZSw1s=","Ym8dg7OxL9GBjkOSu4Ti0c6WihO2T9OoVHYvYo7yyN4=","t1wrM5fx7MYDcoKY3NMfALgK31SrxFbGs3wR8itkKfc="],"block_size":4096,"path":"vendor/codemirror/mode/css/css.js"},{"block_hashes":["FW0ptw+1HUYDp8HDKhkOto1s8/VS5PQYkDvbWlHmoWM=","zaa3qWlrH8EChGErJXl7JYuxQfHd+IeRkwpGPZqJ8+U=","deeVwBdgcTVcE68Dd2Qxw8eu03ez6ayGXDpPlEzBNcM=","RZ65sCbqX7mTFwB1tq2Q17DUCsSi/dJQZb5uQjs8hgI=","/kLkGLQJ05ctmPc6X3wn6YpyiDWQswgVpS32/lTv2rs=","IUb9Kz2sOX16wzKicqyupAtcmLbh23qFUw11/bns9fI=","lkrqOv3QVQV159+zsXaCOLcr9etS0X9WPsJ3XkM05UE=","4fQeXS+cYsPFRLPIUAmRjU0D2FMYfFGVuBZ0P3WfaMQ=","TR0fz0TjyeFIpW0/L+aczg/y/7yMxfTitBBUOrzxDw8=","+8LdyAuO23tccWvd7p7baoGK9W0N43OIqP7Yowqjgpg="],"block_size":4096,"path":"vendor/codemirror/mode/javascript/javascript.js"},{"block_hashes":["TyrztV++uZEhwZeHf/iJfUhPqR88y8ZY9Rv6wzdDJ3Y=","vTvY9P3ZXkWzrlLJZTh6jOIw1EBCR+tTki5rRfWyXNE=","aJUZbh5vhwbiPiOq+DTMc9Jq7J5iRczm/hoDgK7lWNg=","IDoBnA9xbwjTO0AJyyeCw6FtMXCmXx5RfptUs1rbEq8=","REt3BpFTPJ/+PhDHjyik/h9+GUKSwYbnHPUC7wr55Xo=","h2Z1NBbrdajDlfwShUux5k6Fsk/ptHH9ENPySFEmoPg=","8LRclIrTo7vB0bHFIQtqJOoCKfQyJUNE37RAfVmB988=","/21Mcsi9nP/Wwo8w53GHm5UHQGUAeVAJqfkSvyoB0tw=","GC9+LXfvtyfjfGhsy9S+fHFdzSYnwPNs3fXh0mMSUIg=","V4cgv635xfyoXS7b3RiARpN8X7TalaVm2j15KbAH5+c=","JLkvYbP+jsQnY40lN9+m8WTjVmWBB3RMdu1GcPB8sPU="],"block_size":4096,"path":"vendor/codemirror/mode/stylus/stylus.js"},{"block_hashes":["CGDymbgwTS2KwQBFd02V4lU/LdaoRxxuu3NCT6DW9JI="],"block_size":4096,"path":"vendor/db-to-cloud/LICENSE"},{"block_hashes":["MdfG28c+nn7u8MI3j5kEbjex4fs0fxn1c7VRL4rBuU0="],"block_size":4096,"path":"vendor/db-to-cloud/README.md"},{"block_hashes":["nd2pc9PNQewR28gRPqZUsx4NUeejLMDVsBtt0NCFBjU=","Em7v2oTJNwuBL0hvwp26fNUO2TMKbTGY7N7T4UqW5aQ=","qKMZq2tqIoKRcFl+zTSB85+ak9iBcIQ0kXIzSYYpxo4=","y1Njfu084UnzW9+51wsnbq3DSnSYFqCJxwqvJuDEKNg=","o3N2K4GXQZgqWj/92uGKlbEx+VEr3v7vr/231iYY3LY=","6onM6BF7tswcBuU4YGH1wJFjvb/7D/1zpYCAl0PAiK0=","eY1n83itFKMCk9o7hDNEmd9jWP4Zj5JBpElo7asiU8I=","+qmMJlWYmCrcMEW6bUmlyLLspGYUSBtAfzY3kJzHaxI=","EW5CXdEJtBL/kxGIubTk1rmEf/jTxcPF8b/6oHFQZKM=","ushjq0tQyEuJZP2d1rkcedlSrtyX1G8nCH+V4UCp27w=","HFSKJ+9+30hc+VqLDRj+W/exG7RmvQpy8oR0XoyV+3o=","ApqCvd//L+ZI1pfuZ8iOuDpvFHGidEadkhW1q87HZPc=","Snal6KNDOtGmEGFlkWJ/9TOjJNVtOu1IlFQncjD7L6w=","Pjj79cqYvPODkI1kadxIpa/SCl/CewqsOlj7lXi6MSU=","Yv8GJGIOD089T54ihQ7Eye+WNuX/HClri9xwxWIMFtk="],"block_size":4096,"path":"vendor/db-to-cloud/db-to-cloud.js"},{"block_hashes":["ta4OB29xzjE2eh/eQdBdkQ0zuBJO040JJt68+sgR+HM="],"block_size":4096,"path":"vendor/draggable-list/LICENSE"},{"block_hashes":["YkJyNw6RendriTYnJITAl8SaW8k41q2V3IvoYTw8ZaU="],"block_size":4096,"path":"vendor/draggable-list/README.md"},{"block_hashes":["ZSi+Bx+znQpb9pHbpnp0N7YmvFLpSSVax3i+2vf8/ls=","sexiy2RakuYfHyOIB0Dt7Vd+cz8q84LOgfRRMPoa3hA="],"block_size":4096,"path":"vendor/draggable-list/draggable-list.iife.js"},{"block_hashes":["aa6wqcYRgvTpCGG9OzksOzkM7sODk878D2P9DqmZC08="],"block_size":4096,"path":"vendor/jsonlint/LICENSE"},{"block_hashes":["+VkBJe+1S/R/e9thM5aXxSMHnqTsKwlXWT/GSq7AQMs="],"block_size":4096,"path":"vendor/jsonlint/README.md"},{"block_hashes":["R7Sc4etKFiy8qiZKG0Ft98/WsGElg/xdYauR6phbBqw=","LN6kKJHjpMPelJ56BpUNzoG98NtLXNz43s5LRjRFarA=","ocKedIkvoq43HhIVmSWZo8HLUlTT+B7PHZZjuFQvDus=","3s8+gdt7exuIieYWBhjTycL+9xvs9e//oCs7UjRVjNA="],"block_size":4096,"path":"vendor/jsonlint/jsonlint.js"},{"block_hashes":["KTmeo9YsZeGFv9ahXts20OFPICCbuq0cpuhgaDoj13c=","mS6qDyXrPLzKKWWamVFRXtNDBOalxJe6ddg0EUvTIVc=","po29om8c6FhP9r+V0AfCclDAo85auPo9NfRD31cdZRI="],"block_size":4096,"path":"vendor/less/LICENSE"},{"block_hashes":["pabIJNjkf5h2VehygXbjoMKzdEitykohZ/wT6MYn0gA="],"block_size":4096,"path":"vendor/less/README.md"},{"block_hashes":["0toogbVHjxjW+ge2dMmtO/+fFht7hMrrMGCP3bMznkI=","gJ+v/1wU2rzI5P7T8PzPFXvR5cBAu5sW1rsr5fqZ73M=","uIc4RQ48QH+41/5sh20dzKTLW+e2XVHPNHQM1sEdZEc=","8mNi/+432+o7aGzxYwt2zT7n5aRpCvOCP9hH9hl4d14=","YhJhyTYu0GmbJxkNZ1EaG8oWCH/hvANp8KL9iOEan/4=","JLy0a/Lgoe+Y3Qx1RyiZ4BQcajFfz5sZnsKLlTKmplc=","E45FuD9/Gzudnu/gZ6tE9jbFDFWUW2jkbhVK++RNRG8=","MTOPWxMubTFLHY8/KenMo/HhADFKR7jRZ5jtksXqVPA=","2ikWxErOYV3GnlBE9xD/2KTLlCXUD1NiQ/YdvbFZwZs=","BkBDCHP+AFdTT2UUlDsjobWsibnoJEhjBAlrNM8cDK0=","RZopYS0El4HVaGeTALxIkKkegE216NEdsss7o2NJsUU=","GMaBKz0l4PPglGp2ZX1g9QNf8elwSO0woGPw/VjGfz0=","biYmHYJCyQoaHfJEjwA+ChDTIrxAO2pBh2TOgIDBYDw=","8FAAAiYm1N+o01uMxqHCup91gl517J7EF+vQDGWDaz8=","Ldxdjzc9MU7OE4C/rgNxyLJRguCLzD4HxvqL3nyXk4E=","vGDybZhNmHzRQXNTK47kcqzmwkipSJ5qnJvAmi3n+Iw=","VbfGgXqU6hz6TqpETQT/wFVh+koOStHEsAlSgNriIVY=","DpO0AOIm245HC2oqH8Eqr0PMs5JarL4g/EWR24GTUEE=","fzPQAlEDRsawXp0IjIIBdz2cfh2d5pSajM4BwDKsHRs=","0KdY86UlveeIlkr87DqNxAOw2vjbqvbKBqGvE8gAp88=","LCrfN0C9DXyK4yY1+6oH41xGEoozzyOagJ3ZFGkIOv4=","p4ffFB8TWNBNslvePdN98W4YNqC6391Sj9bKzHUPxvg=","nf2BlZl1qDoYqa+Kry9E8Y0WusVvJdnf+EKqTaQzrLo=","XgwzdYmYcJCuLm4mlamvP7xBuBhjtXgv+8oUYYEeRyc=","eUFOWfbICxrdKy+TkV2AlTprmEBiM6H0mxC43ZjuceA=","alyLc71GGKBE6zHpJftzEIAeztBVOXR1OmXFYPDl1bk=","NLFluuU1jHQKynPpJebNG7DZA96a0x7HFf8FEImfTR8=","Ksw8VCb70PLcCU2st69bra+EhsMezN/8j/FPZJnftOg=","BbVDkshV/NSix3Hno5+BrVihweJjLsNsOt8favOWxzw=","WPNcxNM+/Uf5gWO+fvgY8W6s260//y4enMYRYcyki6s=","awgdE7YwejVolGLSQjukOeqEITuXDY2UHLrCnTAhRew=","cnCEzllXB7kHBMO4Mxoph6g+3i7Gk+Pnq4SJBT/I5tE=","vDVzesKbPjkn5fuqN18fI7igSj0oMM2b3mkhUyjf3dE=","k6zJxKutH7RU0rKl8Ja6KK8vfrskundU3vigkp/RnDg=","ar+v0da86f45UNvZFUrbvrFfic+KrZEXUGH/BniLyk8=","/NSjrniRre5sTFdYRogUN13XAaywlKrwMJu+fpHSouk=","IOG3un3uF3BIrgJIS8T+iHRzBwQJzJTp5TGfocc/iqg="],"block_size":4096,"path":"vendor/less/less.min.js"},{"block_hashes":["NEIFWFHDYINrDcP0maGHdiORuUdqwGGIsKA6Wxe7Py8="],"block_size":4096,"path":"vendor/lz-string-unsafe/LICENSE"},{"block_hashes":["bNl5JUaPXO4iujPmrYFDes40pKhuAi/ZzLj5iRQ/vvM="],"block_size":4096,"path":"vendor/lz-string-unsafe/README.md"},{"block_hashes":["Kreq9AIVBQndRdKvjYPji0CFoznEIsqtr9uiVBmpUPg="],"block_size":4096,"path":"vendor/lz-string-unsafe/lz-string-unsafe.min.js"},{"block_hashes":["ddeknLQHlG1lWG6BtyJl+/XIfV5KfgP53LQDSuOrpyU="],"block_size":4096,"path":"vendor/stylelint-bundle/LICENSE"},{"block_hashes":["A0tydxezAnpV5MFgiDUuKxncn46wzqz5x9Iz7RTEL/4="],"block_size":4096,"path":"vendor/stylelint-bundle/README.md"},{"block_hashes":["1hYWg26KyD64ud5ltSOfKnZVMqydyeBjPzsHZDrpmhg=","nLWEEsGk1RPgcQ0MdVsgBGtaFw7yE+Kjok8kEFgwqgs=","/DwEEZ+F5aycyjLSmNVZoIyANveC4NcnBGUhySSERZU=","46/tHcEWdqu6PXN1ifSjdvW3VfaL0rRWDI8q7QOxjWU=","cLvBuySGWM4DsaOO+TODrcaI0Ht6od7TH3mdfYPOwrA=","TrZe8dsq3w86qiDkaZo4sYsyKZ3aKYsFs3OYoKJG3v4=","wbsvmNf1RXdqYWfODiKHzQ8nnKNw1xC5MbR33aZhii0=","EsZ6DiDi8nyjO6CyJZ3BL8aFuHycaGx2QIYrCOlMnDk=","qXti6Ax6FI9DPHev2rjViLwNG2548Newh4wckfFJyqc=","Rq4gmCMOcrigd6uLq4lRBN5SzI9uWJ2mnX59G+PoOBM=","3vEIju5uEh3EV09zkz1jfxUaiKFN4XKLEjBCNFZeb90=","cHFHlYhuH7p2C9r0bdto024Xh3wC6bzcBtcyprIMEBk=","+dSblfqkdmgEfMeEjB7TC6Qh/pmCCOu7J4rz54wphsA=","vk7hk1PUoYrHgk4OHQ+DPUfi3rc1rsTVC+7vq1XNjE8=","/+odnbmezKY1k5t9Ess4j5lHLF9t1NszMW1GBDqC1uk=","96B/x1JsRkkEAE6aATQDEB79f/uaSAahoqzJZ5L+H0g=","+/CFYzbFwwKrivh9eUB6HwrVNKC/uEpfGPE7T5di1xo=","mLpVWBHP6vT0lyi81z4ZsPAuq/wSMZjT7rrp9QllQVI=","32Q7tWdzGpwso+ZVFf9B4e8mCR2C6p2F93eyuxMQklE=","9cKaM1O9QLlr/f3Me5dT774SH+PRDuLpql5FbWS5ooc=","lagJEUXjnZVg0NlWRJoZ0SQ06vwRBPvej+ehQhaY96E=","zLHFFZvlTfYiCXD2y7Lbj3BQxHjLCQwVK8m0lFTO2N4=","wlQwX9THV88IfzD+MnliZc21HKRhty89He69IvHn7Ws=","Mv2fV7u1334fa9UEZDLGrNovlQR22cP21yVktWYQD0w=","A66hS8DGVC9tFYGXAxvifYLmzecn0r9ad4gljld7+Aw=","HPm0pnezk1G8zZAzPJXt6H3LK8YPYIlm5Tty5/t7xVE=","Z0JxPhpjILQnQA1WUuKmLPcXWvxllEAB2h52vp4uAJA=","BHjWSKN4VtDNd+nwYI7eOQxdU0qp51NjZb7kG0gsmVM=","J0RJT/RCw8xWVd600S6F9rxjnC1rv37+abb+MQoHF2o=","VbKn70tAgiUSBfIJkVTYtpY/jrEwzOMC5VA5G3oVifg=","jTZUWRPSQrVDB8mk/ms8NTJHE/3VvZszjvGqPYOeNAQ=","iVtLF5i5WYSYJAXAWKkXO+dPodh7F5bbpKGdpHqViJo=","q7Wg+/0xktnGWj4sZDm7xraOCVQjMixe8n051jmJa/8=","YO+KeaVKHMGifJzY4dvXydkCc++ulpJRceYhfl+A4QU=","jxUidG1BwMYIHGvDj2rzVfWx9Y2GItGBBi0sgmgR5KI=","pvHXIcSXSfyWxMt/Sw2YgjZmw538WElUNXATlCeogyk=","me1XnccCVdM/XrJfmfzEbuL4fjuZQssZvhUFzhfPt/Q=","IWTloe7wD4oPULlnad2sJOgQMMlAOxcVn6w6pHPwZaw=","7cfpVWJu47glt+5vvqgBXliVq6+K8dAddN1MQ3s4/hM=","thJglDD88n/DX52q+It1CM7U+xv8AXRTEug2/Cqefw4=","QGFWa/BjGu3/juZwslYO9y+o/vCIJS811kLtp2MTWv0=","4CprToVN7wzSiauRjFZP0PFY1H32BJ1GcWGfbNkEj4U=","g+rHi3g7DNOAQe8OLZWhicSFiH8aTZiSADH6h4vrwcY=","SkpSBxY/lQ3rvHec7it3bgGgdaBUtoKKC0R40C2z3Ds=","31n5ndbT1psYvstHhO/yCXDkzGnR1l/5uFkVxopnmHA=","F6NJ8glZm3+eCIR9T7r+Zv3DiVn/rcSx/E3KY51RHPo=","JfIseDJM89JgGNOgVreDOc43gXRv+1YGQFoMpBSBfiI=","1kfTq2S8/Ak4uVjRw7iBf+RXYxzwCAu5C/AszYorTN0=","s2RdXXPUvmGq5kmSHhb/Sfh9FSAxY9LJtxq9SDGpXeo=","ZXSXv5tlZuBUyLc+pLkBHWeMiC37OvW00+Y4Y0Migl4=","tU+bWNw1OlDpWJa7c5/dGse2OHmet6D+CtHmXY1hclc=","WQEPrbZHm0uqIhJk0aA5sjzlx3dEzO8FAg1qnQYskG0=","0CQj8DRtPks2agQP9omfv2yER6IRRqCvs5Z1FfIVrTU=","/iIDYIOGReJ3eQNwZf8EE/1+0Hiz2JlZJ3P3l9GvOsU=","vyKPkBB8oHSiAV9EYM6A20D4HV7cSteQBIskQzry5gg=","wzLNrZuPwg6Ec13dVnXWMOBzx7ng0fUkS3XHEjmmU5w=","LyCY7lQ1V+se7rljfd9vQWB2La89jR+T17RXvPeCNUc=","RXFOyTlWdaYnMJnhWNqM+mOhOsNVobHpGxEqnkU1IMs=","WF2wu/NbwP7Kbq0g6dlRB9zXyKzj+hd7Gg/ZMPs+dQg=","FdBfuI7Fdba6u9FVSlJaaiOO5C4uL6znEDibAhwVN+4=","RPmn2xupp44Pt2frwzK0+zOBUzaZZPXv6HM37SnIpj8=","ftb1vtBDymXCu3/ntM2A24af8u9Jf3pe7nNMiRtBvZA=","kYfZWDlueNW7jvxYHeCnDKbKwgQQyK+F5kD3rC4a15E=","c4DmJtWBOJs7LuSjVq070mMIjAuj5w2JNIbH2cwqius=","8GtNwxIQEp481eTSEb4UHO7lSbpgadrS5QQ+N2SfRAU=","uQjURIyTzoBkTKGpyzizuP+QJqIsYZPVXDUZTUtLbkU=","Kbe+C/VwzeN75wFVjI6pd1UFcgDCY2o92l6EoWcxLaI=","uhEqodGtO/OQcO5WmCmlziDL3UFetJZro6bbU/NagAk=","+YzgnwQtw8WuUDMr9ELK4g+JMx8Uhxjk3YMQcQyp5JQ=","zGneFDzazz1shiWDdOxmR001wlQE1F0Odj55UK+VTkg=","Aux3i2wf//ZnszorWj9tq0uaOb4WDhGrEJZx9tDZJ2w=","F1mMsyWelMFavomYQ92g9Ft3eoG4Xxjre/fbEpe7l+I=","U9/INX4E/68CwVI7iBlI96c8BVCH24kxnc4jZTe+Va4=","vQ1bSIioargX35UWnsLIQgsPL1q9e6tjLS7O43RjxJc=","6Wg59OsDEcJP2Gtlx/yAzo5+SadTaTEILtyA6CjpdIU=","AEv5LBTRHHkBoPE+urjcsNXwSnHkpgclq4iPs2PwT8I=","0RTSAqy049Gk0SmKi4+xXxDFq8GdGeXU/TfHx/3g2gY=","ouS5dzLlMp/dFYLHol0FhP2VWAGrlyG4EQ938sbMYPA=","2gJKlAQMB53GF8kHsnAurU+F1MCzgH703zLEAIRKsgM=","a+hZKmyYJzwivM1kAC3uCm6rVAbgYuHhK0Qm1Q/vDSw=","eM1IFt97haQv9Zrp0q0qW70ulYInhPyNd/rE2b4ORF0=","DWDwyT8Msbm7yIOR4AsU3ylN2FW1r84e9ZHkqxjh9Ho=","2ZDN6IYtuXYywxVUC/HpX63oeGMR915NfuDHf9EOUHQ=","gc/zAh/Z1KIeL4S5ijr4Yqq3qoZ+rtiujT9gnlpVvng=","MAWGkNX1y/sw8FUlfcAs4ITg4HXWACUGOnDPTksxLTY=","qxpifmie+E8C7MDlZTcWBWEJ9sFS//8w7gIgsfKTreA=","Bgt+gTq33RUc3cfviyQNeuQgxOuwC2y0t5dAXdDN/rg=","q1QfPt3RpuGF/v5O47XyV7+gXQLllXf3WZbmhXyqsEE=","LumcDkAxBXAuysiLCB7W+r905tdB1GcSjtQ/IYW8Ol8=","DrquivbStDTXfq98MfH8T2NaJWn4qOR9GMhdlK3h/w4=","J2pYQIbR4KPbvthwEyrw4gpP4OVPyAHLCkMhoo+h+Y8=","aZYZFriv+YKI2j/d2g+8dH5WTpM/rmV5GLpYvwIkNkg=","R63pbcpl4k4co4dTmmB+eChhnAvRQ170kJeTjZYSYzs=","ZvaPMwBhdmR73kKnO4iLDVmQdnhel17184jWUA7kYlU=","PBowWwkC1CFWcDHjMcNwOuGtUuA40PP7BzJb+YE5G08=","T8SJLTgeQJV9wvi4kx85bXrF7ZsE0XxrvHxrL9Z1yns=","ZNAZdN9c9I73OEd0muyL2+DBWXgELx/TQt7PrgeQKY8=","qaFChcyDiwL2mgaVwq5JHwqGWLZbyuoOZborkj8tBTU=","P961FQchLegeQLRDEmJ2v+qE0p1P1Y+lRUO0DTpan68=","SUypCbbk+no9qP/WwGGcXAGrOnTbkYIfmF9QVn7ZfRU=","1RYcswiITBSEerMQhzd3R60sD/KyFfekHSQtApkiHew=","78QC8mlg0B4T/dy6h8zL2rNk8aWUi6wbrHIg3DfOfHg=","enaKcTckTgflkbV5xtGQBBAVJjGM8ZXlF3hIs4ERR8A=","tyd9lAQvIzeSyck7N2m7TxXck2exPkPBbxHmAc0FUws=","a1IDw/jIkbTM1oV1m0OND1thbLzgxEEF2Zmpn26QS2w=","wyj0tU0MiNLcOsFyZMsTUO+1PiXgyaIuKZPjAnZG2Po=","dO2UpvBoHNA/VGQlUcrkRRrZKMfvgSzhv6qqF65OJJA=","5sYGK/vnMJRoEIhPZwf6Cr+ESYhF53sGurgyG9l11fo=","jnZkB0yoYx4zkjgrfEIsCcIud3GGHJkjSoUBHIkU0Pw=","+mjfXtqRVS6rTEu9lc/3jc0dOROuYDXeqpYz8VkpuFs=","7HDXfkEsieQCq4zhjGR/yA+FlvVTYv3opXv+DQtTeGQ=","yHPfAUQAQsv5P2vssAQ7qGKa4ynJy46LvE0mCVS4b6E=","AcO0GwqeyNnqLRnRp2kL2NeyVj3KJsKA0duccbzBVXc=","kIwge0kZ7XnuQCKGO749AhwNjzp0M5+cJPH6rCfY7cI=","d7b0AxW5qSzjOaTSh/P/gKLZ0GTj+p9YGdJ7bM0qwI4=","oWEQchS5wVpu7JOS+5dAvMvHOLaFAtkRTAVpZJyoXVY=","+dFpeEVlZhRQc3HZ39wJjvt5D2gzn89zVXXCRw0mAho=","7C/9nQgcNdBKJLJ/ki1/9LvnUmyKzzh+5IcxYNwy4Kw=","+lb9X7oTvwWzLw4zFxybSVRJ2kldF8oAhkhq6YC67Io=","0FLS0j11aTrucjnIeBmVHzlgKLUVxWe4M+FviIoefzs=","nACQ0LCaFo/SHqeWhI3dDkP4nqoO7lH9j6kPjcMKRWY=","C+FX4NW/eURDFZeNWzD8YVrD0+fbjaoOEzw0qXzmXOc=","ZrosAOcAQrODxVBNDiNtSYili16XaVy9JZNSE8fXqzM=","q3xHrIb/tGT+Ohe5RaT9r/ohjrELF0zokwULL4B1z3I=","pb7aId5sO4sfrdXAzXN9cVhgNy3qP/V1j+ZzwPKjaVw=","lrdDsLNSAOspRUyBdcHOJugDGa/tl4Qu41D03gaUYjs=","AM5iYRD94EBxdf7+yCnpkzBe1ogCyZOKXjxv+gd/4wc=","6+OLOegBMZk/ase66gZhLoAVnf0PFpMpTOn6Y3xxCtk=","qbOHzT/PLH5nNX8lmYglph31wmOFSrIImXGDKox7IBQ=","Ffx3Y71Sa70ThJfKBl8ZNVTjSsqz5+OfMkTNn+puZjk=","KoJNiiyNENrqV6BjjTDmNVxN0zr9KOuBoRs4FDC5voc=","jzZKPrlhVO724RviZYk0L1CJjA7OLj4rSweS1GPhnEM=","y0vcRMT+RRPMoGY/Bybeay3oVDrob+UEVPCVPT5DDds=","j1zYFmjTiVMrq5L1qN7wmSnK/sK34j2Fgpv5NZHp6Y8=","yvsFDPYx8h88Q0foGZsSzo1oIitViZWMjaUXc8uBHdc=","fOISmu+VSldfNUISCJiTaQHP1/rQ7UU8Hg6CPWY5I+Q=","tvsSKtOkTKKHn6ERUhpU+htHGMH4YnXfcnz7AlL3yx8=","+EDOrNPuMb12fgSeN3uUariTiMR+AbT4GwOYHvOI2tY=","OktgBHGFOX3WmSp2r6nqL0pUQF6+r2es4UispmCGI6s=","/kTY1or9jCTi+clKjEwLS2roJb+Rpg9Ab2txfqww4wo=","urFSzDe47FjOoaCoiwYELHwEFozMNRaKd0gPFd114xE=","rnV4dpl0R1MUhXPG0N4L750Jd5ZPP99iW5udaUAdOgA=","ly73F+xdfYhtxiqc+ItNuTniIh5OiRn3tuydWq04+wo=","grwo1jMrrpvqFdAdIi34twkKYzRJWrJBKDbxJtzbYas=","X6dhrsyorgSpBZOXG+rnttz5+pYVcPqr9tfV88KIQsI=","Xzm0vTNsLdmRkqVu5MlxMmjXs/aqrYlQ46KUlgIw4yg=","QN71e6nmoHtSFuI3O0+bM3mO5AP18mm1eaNzzn2WkVM=","3Uz63dBv7UwiHySwPj4RDT6QU2LBXSwR1Eoezv/wzpw=","o4hJ8FNOuFVdLAN6LmqLYFAKjILcdXkcAiP6rEgIfXs=","DALxo4teh9ywn6Lw69lM2O+ziHqSjYKzOBKSHBIrSgs=","Dz0L976wuB5sISp6Vp7ORIzc27QZqx1mkrjPQoF+4kw=","4PJL464oOUvQVGaAZuLtFEh97+T3JWF3yuvEJoauM1o=","ox6Lb0hHcfbasaqRZxSR4/sejWDLfUsv24GsNxRDuv4=","nQeVUa3TOELq9snLxxkCRuqaP+pqsmvWg/mTSsvnWfU=","PT+AoWZc1F9t8xcDYv/9I1D+zcHlkVhI3g0cJzmh8xk=","v2f6OZ4meZRQbp7TMQvQNXfL/62xqZXNPHG4V1IMjOM=","TPVgmdWNYQeJMAKmmUTwKG2FRDnpQPPw3zGxCzDUWOc=","FDzUhp8irULLDXUOWW60tKffjb2SbSzr+xO0FIl5d58=","39Ow8CT/0UGC/ctbgH2PQOsefhDR9+RH07saMjuGHFg=","JNoRZcXNKrmsZmVvjP2UZR5gEJL6FEx67XtVgqoIIVA=","tu46XFHcRkDKyTHDYYM/unnaBEQfMnwgLv9EdP9DOsc=","HBehprddGEjUH5+MYbg44XmUli8ESdwVGRWGlJkxjQQ=","wpQfIvIGlF3cKNINi1iI36ehfSzvPR4KcQmyeZ8CBHU=","tCtIrtQALdQuHCSyEOOwquemJEkJy0MxXML0OGrTlic=","cUtyOXaMDTye3klmsjL0vciYSRoVa7meKah1Xi/ZRIM=","GQV5i7ShkfHrisWAuW2f0fplY1qScVNydbNJB8isUto=","YBEwXkwxDcLGHUyz+8bYrxZqj8QSiRrOERzOKHw1xkc=","+8/8gdGLiyoPnGorAObzRHQi5wRIzY5DJCPk1AXUtEc=","SOSRFsF3FHNfKKcPqsdpWltpmkFshJWJiV8qE4U2+NE=","LDj3fOvEfWSlcjGOqEo9Wxp246BxS4/XK+HM1Drwjv0=","ewiZyCOhGTdMKk+OcyU3UQp/DyrhvLmfyFyYAYBAE+4=","m21waH4mWrVxAqtTLVvgiw/C91omo3VelUkVp49JRC8=","A37KO5Ww6+ihNKAcpVM117Tj1e8q4c2aEQuR9bwPwtA="],"block_size":4096,"path":"vendor/stylelint-bundle/stylelint-bundle.min.js"},{"block_hashes":["pYiReYGOjnJSJG9Q3z+XVGka/+Gl44SNAy4LwdpccCA="],"block_size":4096,"path":"vendor/stylus-lang-bundle/LICENSE"},{"block_hashes":["nwmKsdA3UyyNNCOWIpkO05Ua7l9qOmq65UDR5HuII6k="],"block_size":4096,"path":"vendor/stylus-lang-bundle/README.md"},{"block_hashes":["tVKfjnR12uvclBtJOZCaUjYYSN1iFRE6oDcTPJ7m4FE=","IpORL1pAVDMZCuf358ITHTh50lQEyUv2czzZ50BSmSA=","1UOesl0TA2jRz0jpoAOgOG3MzdV1M9yVqVxhQgl0KVw=","yyAXh/w+bIMMrfhopwZg3HCjznF7xx7LoOT/B4EIlgk=","0wZ9qMC0IEwSt1/gHr7yO3zpWcUj6PA/in4UGy+AcSk=","KL+bMY113q0xqeV0JeSmjng087kzJ+IXq8lVhFD4VlU=","s1VxkafcS1fKmFKWyRw4U3y1jO6uYWmBdSL52WwyPsY=","+PKzHiB1FfGJykBD3/DUsYm0fNyuPCyKLavL3Y1LkX4=","MG8FKQFxWTrFAnSIfbyb2BrW4cTAfcYJYEcOw0jiNIU=","vUfVodLOlS+tMt53PYwLWTLiDHT/LbgN6BEOUN10vHU=","dNo0+8OoV9/ou2pWheQcbHmJawyGh3QN3IjzfrimdRg=","mhe+j1XJuF85ZGDd4zza1WI5rZpV4xixCZDnSwuX1/M=","kF8uE8orlK8cPW1hhTstxh7otrRlNqb8maIWY60mLlc=","fT0HkRXA4USwUEYIw2B2S6mJOAo5WaKEjliMICruwwE=","QvrPy46PE2kbiVdBLq4g4a0mORkDWeOgAwhGDUz5afA=","i8bU2i03naBlji6KmnqOneqwjQx6EjZSX+itOAqS8nM=","oDTZh8ZTyoG5oSwLzZDynKLWG5+boB3P6Cvpnw4XdwY=","CB8DCF+jXMHf9Beue2L/NIXtEH+UgMQjYk5MgUPwEJs=","+Q2fPmkeJ6ZCb4ECEDEKONDy+ZWrKdsOnLMBqtsd7Cw=","ja4xzmyaDYQRz1m6/YrtqG4jfoBefMvOEfZsnN6n82E=","aaUwBLmv1fqZws0hRPJB0ou3Yxc9LdUr7rdggk63/Lc=","ANc03NAOJqymg5tRwFJ9kU+ni7D7JP6I65BKCwFhHg0=","3/Soypv/tSmEg5PpgaphYpSLMlR0eQaUNXG7Sqtl6z4=","mGjXJLFFR77NTvSlsadOy/0qeAIKpW6EDYMe2VmqWrw=","ewH1+biSFDbAc6jIiCVoH4HMLTAKy6hu9dg5Cz0EE8Q=","K6pqHFLiprry9tzrUrs6vsEKfFAy85PQf7qMU5p1oiM=","ADnBiCTjuSCcHfj37RF54P7agcOUmbKkprNx6UERudM=","el5knkb4ZLs8eNcubXjJ5UgVBEzQXosUB+jONEu3Smc=","VMhQ7fYPrfXWNuu7KRCfbjQRsMmNf3GYOQfq5ROH3XM=","cZD1sR9/4PettP6WEomW46Qq0wCSgYbKVa7mlb9ADGg=","urIUlL7T/AOMpzdhi0iX/7WLtOrGbGw4vP0/7Im8/q4=","lunG8TIxvtuCj+pnAX2PKv47xEGcBKY7Jfjy8AHayEs=","83lJ0C+Y1D/ABCQyrR5KFwZPh+Wv3oDHKniOLhhDEs0=","y7EZHUVKnaybnvU0oLymIkRzTfTZRJqvdbWurSU1Aaw=","qWkzUPIizaLOd5rSuhVkQj0k2jttm0o7tlcP2MGBqFQ=","efV8BsvIn2NEEvb7FU/kA+XqIdacVdp9FjAbP+kpExE=","BvwOOCHcpE1XasBrg25Os7E2JuhN8DAtDIXc8FJOjpY=","DngsQbUtJKBf2MF/8Sw/CJN76nV6ej9MBF4RnUW1ApE="],"block_size":4096,"path":"vendor/stylus-lang-bundle/stylus-renderer.min.js"},{"block_hashes":["OOQx7I9W+Yjjuqn06sIEAq+1xYb4keLOrw02DRmwpFg="],"block_size":4096,"path":"vendor/usercss-meta/LICENSE"},{"block_hashes":["n4OHznCXIpcctdgSHvlf8kBa6ZhtEVh4fIj/LgdEeYI="],"block_size":4096,"path":"vendor/usercss-meta/README.md"},{"block_hashes":["WyL/iU7BA8/NM1S/GrR65XGeOsEZyjFyI9QPhxBBPZg=","fJSPmLP7VkQxQh/80RM3hwydujSXkIXzTJ6VYcEv3Oc=","PIIrxHJhZ42hdDBr/3B+azmGMfpdXk1jTGR0zop8sAs=","z+zUX9HfXIo8Ljm8Lt+2jSyX4PaPeJt8oCiIwzgNsVM=","lEpL3TVsVEYRYy1qMva3ZVaYhOXIGF72KsokDOJFxrg=","sKMWargcix5dDjvOqss77jAEklzka4Sl/vHJud7f0g8=","FMZqjRC6pNcUmuaJ4d7RLiBO6Mvrc9GCJ1bRJNzJ8L0=","q1C9mVjO4Y+GvB1ngNBbN7nhrt4xdmc+66HT3DZooHY="],"block_size":4096,"path":"vendor/usercss-meta/usercss-meta.js"},{"block_hashes":["uThuFig/uxjSmCofzhf7TbKX8kg03I+sp2tUJIsYO80="],"block_size":4096,"path":"vendor/webext-launch-web-auth-flow/LICENSE"},{"block_hashes":["aejQqovyrboTSychIGpFCgivlNHwgn5SdOYK7PtqZh4="],"block_size":4096,"path":"vendor/webext-launch-web-auth-flow/README.md"},{"block_hashes":["+lT1nJUl5+aKUKnjMgkSiy8aZ9qOndxXqBMHfoVjHCk=","tWp+B9I8BZFrmq3LsozCKaUaRbKlCspKXj6zsc2V7Gc="],"block_size":4096,"path":"vendor/webext-launch-web-auth-flow/webext-launch-web-auth-flow.js"}],"version":2}