{"schema":6,"addons":[{"id":"uBlock0@raymondhill.net","icons":{"32":"https://addons.mozilla.org/user-media/addon_icons/607/607454-32.png?modified=mcrushed","64":"https://addons.mozilla.org/user-media/addon_icons/607/607454-64.png?modified=mcrushed","128":"https://addons.mozilla.org/user-media/addon_icons/607/607454-128.png?modified=mcrushed"},"name":"uBlock Origin","version":"1.57.0","sourceURI":"https://addons.mozilla.org/firefox/downloads/file/4257361/ublock_origin-1.57.0.xpi","homepageURL":"https://github.com/gorhill/uBlock#ublock-origin","supportURL":"https://old.reddit.com/r/uBlockOrigin/","amoListingURL":"https://addons.mozilla.org/en-US/firefox/addon/ublock-origin/","description":"Finally, an efficient wide-spectrum content blocker. Easy on CPU and memory.","fullDescription":"uBlock Origin is not an \"ad blocker\", it's a wide-spectrum content blocker with CPU and memory efficiency as a primary feature.\n\n***\n\nOut of the box, uBO blocks ads, trackers, coin miners, popups, etc. through the following lists of filters, enabled by default:\n\n- EasyList (ads)\n- EasyPrivacy (tracking)\n- Peter Lowe’s Ad server list (ads and tracking)\n- Online Malicious URL Blocklist\n- uBO's own lists\n\nMore lists are available for you to select if you wish:\n\n- EasyList Cookie\n- Fanboy Annoyances\n- AdGuard Annoyances\n- Dan Pollock’s hosts file\n- And many others\n\nAdditionally, you can point-and-click to block JavaScript locally or globally, create your own global or local rules to override entries from filter lists, and many more advanced features.\n\n***\n\nFree.\nOpen source with public license (GPLv3)\nFor users by users.\n\nIf ever you really do want to contribute something, think about the people working hard to maintain the filter lists you are using, which were made available to use by all for free.\n\n***\n\n    Documentation\n    Release notes\n    Community support @ Reddit\n    Contributors @ GitHub\n    Contributors @ Crowdin","weeklyDownloads":155714,"type":"extension","creator":{"name":"Raymond Hill","url":"https://addons.mozilla.org/en-US/firefox/user/11423598/"},"developers":[],"screenshots":[{"url":"https://addons.mozilla.org/user-media/previews/full/238/238546.png?modified=1622132421","width":1011,"height":758,"thumbnailURL":"https://addons.mozilla.org/user-media/previews/thumbs/238/238546.jpg?modified=1622132421","thumbnailWidth":533,"thumbnailHeight":400,"caption":"The popup panel: default mode"},{"url":"https://addons.mozilla.org/user-media/previews/full/238/238548.png?modified=1622132423","width":1011,"height":758,"thumbnailURL":"https://addons.mozilla.org/user-media/previews/thumbs/238/238548.jpg?modified=1622132423","thumbnailWidth":533,"thumbnailHeight":400,"caption":"The dashboard: stock filter lists"},{"url":"https://addons.mozilla.org/user-media/previews/full/238/238547.png?modified=1622132425","width":1011,"height":758,"thumbnailURL":"https://addons.mozilla.org/user-media/previews/thumbs/238/238547.jpg?modified=1622132425","thumbnailWidth":533,"thumbnailHeight":400,"caption":"The popup panel: default-deny mode"},{"url":"https://addons.mozilla.org/user-media/previews/full/238/238549.png?modified=1622132426","width":1011,"height":758,"thumbnailURL":"https://addons.mozilla.org/user-media/previews/thumbs/238/238549.jpg?modified=1622132426","thumbnailWidth":533,"thumbnailHeight":400,"caption":"The dashboard: settings"},{"url":"https://addons.mozilla.org/user-media/previews/full/238/238552.png?modified=1622132430","width":970,"height":1800,"thumbnailURL":"https://addons.mozilla.org/user-media/previews/thumbs/238/238552.jpg?modified=1622132430","thumbnailWidth":216,"thumbnailHeight":400,"caption":"The popup panel in Firefox Preview: default mode with more blocking options revealed"},{"url":"https://addons.mozilla.org/user-media/previews/full/230/230370.png?modified=1622132432","width":800,"height":600,"thumbnailURL":"https://addons.mozilla.org/user-media/previews/thumbs/230/230370.jpg?modified=1622132432","thumbnailWidth":533,"thumbnailHeight":400,"caption":"The unified logger tells you all that uBO is seeing and doing"}],"contributionURL":"","averageRating":4.7892,"reviewCount":4562,"reviewURL":"https://addons.mozilla.org/en-US/firefox/addon/ublock-origin/reviews/","updateDate":1712140546000},{"id":"firefox@tampermonkey.net","icons":{"32":"https://addons.mozilla.org/user-media/addon_icons/683/683490-32.png?modified=1625638973","64":"https://addons.mozilla.org/user-media/addon_icons/683/683490-64.png?modified=1625638973","128":"https://addons.mozilla.org/user-media/addon_icons/683/683490-128.png?modified=1625638973"},"name":"Tampermonkey","version":"5.1.0","sourceURI":"https://addons.mozilla.org/firefox/downloads/file/4250678/tampermonkey-5.1.0.xpi","homepageURL":"https://tampermonkey.net","supportURL":"https://tampermonkey.net/faq","amoListingURL":"https://addons.mozilla.org/en-US/firefox/addon/tampermonkey/","description":"Tampermonkey is the world's most popular userscript manager.","fullDescription":"Tampermonkey is the most popular userscript manager, with over 10 million weekly users. It's available for Chrome, Microsoft Edge, Safari, Opera Next and Firefox.\n\nTampermonkey makes it very easy to manage your userscripts and provides features like a clear overview over the running scripts, a built-in editor, ZIP-based import and export (Google Drive, Dropbox, OneDrive), automatic update checks and also browser and cloud storage based synchronization. And finally it's compatible to Greasemonkey up to version 3.x with experimental 4.x support.\n\nNote: If you want to install the more often updated BETA version, then you can get it from here: https://tampermonkey.net/?browser=firefox","weeklyDownloads":19255,"type":"extension","creator":{"name":"Jan Biniok","url":"https://addons.mozilla.org/en-US/firefox/user/11993838/"},"developers":[],"screenshots":[{"url":"https://addons.mozilla.org/user-media/previews/full/170/170870.png?modified=1622132485","width":634,"height":525,"thumbnailURL":"https://addons.mozilla.org/user-media/previews/thumbs/170/170870.jpg?modified=1622132485","thumbnailWidth":483,"thumbnailHeight":400,"caption":"Tampermonkey's built-in editor"}],"contributionURL":"","averageRating":4.6989,"reviewCount":856,"reviewURL":"https://addons.mozilla.org/en-US/firefox/addon/tampermonkey/reviews/","updateDate":1710934551000}]}