{"file_hashes":[{"block_hashes":["R+nvcmjuTzP2UzBy0gCl8Z59HHQ5NTJRbD9+PCjKzS4="],"block_size":4096,"path":"LICENSE"},{"block_hashes":["el8RRNZB4UA2VOZuUK8pArEhX8u3aomSuecJM+VSn0E=","IrH7yaArAZOC7dfK9Oiquie0niYwKpqLHANkydMcgx8="],"block_size":4096,"path":"icons/google.png"},{"block_hashes":["u3e75lQwTT3XzNHWVIwFkz58fruqqdVyQMMJIKfAdw8="],"block_size":4096,"path":"icons/settings.svg"},{"block_hashes":["4AFZdpgHwD4ikAglmkNXDhvahQuosyuZN1X/XOlsqZ8=","Bl4XcWmLYfyfyuOOJlJKVDPYm01xb7GZtGlWhkOAJRw="],"block_size":4096,"path":"js/backgrounds.js"},{"block_hashes":["dVH9VPodtE4Nbzwe+5YEEBcdoW4H679sl6HsFonyxMI=","8WYJ4z5gx6zVImnL+DXkFhxoCFMQoILhtXUoWBlgy2U=","iNYDCxq76xWOKFGetpo/WhhzBjI8VBpfFBnl9KMxWQE=","etUBaVhDfuDDtODASM9B8E3a03WF6NSZqjSAdQycwbI="],"block_size":4096,"path":"js/main.js"},{"block_hashes":["QBT9eJGZPCoLCMLkpFxcuQBtsnu9rKM910ImjXbMRW0="],"block_size":4096,"path":"js/messages.js"},{"block_hashes":["WAp39gUP3vxXfbGgWGp2T6sc8PwdFLWlkfDi6b/Nhxo="],"block_size":4096,"path":"js/shortcuts.js"},{"block_hashes":["9sKSGq8f3q7IJxV0oOL6tQdVRzlBDWj0Rfmw/Qp/KKM=","T94K9S4e+UyFtMjLy5PxGNGbyHSPwIXAWwOMMZ2puzE=","zSeKJZo8VEQVzJk3DN8zFusqwAjuGrUo2mKjWsddHaA="],"block_size":4096,"path":"newtab.html"},{"block_hashes":["fR/rcb1YnNYjnGs3qS3yrUPmV9L3gIKL7TvFMWZavW8=","fIeuNGF5KH3UUtPfe5Zog8e3aBREVdF5T3HEL2Bb4H0="],"block_size":4096,"path":"style.css"}],"version":2}