{"file_hashes":[{"block_hashes":["15y1lM096ZBL19ZWxV3pYWf/r39SU+ObF7lCim9QbD0="],"block_size":4096,"path":"background.js"},{"block_hashes":["/Vj07NWaWETeNWfYpeNrpVht/Vj1cwJpqs3GYJGiIPM=","l7waGaiJymT1Ek6M8bFFFMFeyA3e8clpgY+JWNrjwf4="],"block_size":4096,"path":"options.html"},{"block_hashes":["1bZIH6/Wxsij6Vh+ZjzEPuCcfQGzezYiKnybwkcpBI4="],"block_size":4096,"path":"options.js"},{"block_hashes":["uJHNMhrCqsyEXlo90gWmAOLNP6OA0iAXNjU3p4hnyEw="],"block_size":4096,"path":"popup.css"},{"block_hashes":["SoPV/cv379kYIJZEgXNS4tXq9s0SjRGhGkz8AVM7xQs="],"block_size":4096,"path":"popup.html"},{"block_hashes":["Fij8FPbiLKXcW9M+5QYwuF5onA5wgieOsfQraK3GHyg=","oRDb/8YsnyHGNuf/F8PSU2w1CWVD8igALgPpwrldIkU="],"block_size":4096,"path":"popup.js"}],"version":2}