{"file_hashes":[{"block_hashes":["GSpb6Bs4ASJ6Ivxqm3yg7GaBFwkPFUEdB1Cll/IRrKk="],"block_size":4096,"path":"LICENSE"},{"block_hashes":["yJTRg4yH9cGY7eQ3wyozJq6kcbp0TK83tBylJorGsM0=","dBREYLJgE55zVWm62Pq83fT0ikTHVHMUrqnYtjYgi3M=","PDXUjubLs95C/RifEwVzxBmiDOJl639xiCKEQpzBQ+s=","5WKCt1MCxFxXm5SeLdfCLHzKa6D/ykerryd5TFjbCfo=","HeGKTIqWG8C+TKeLVlx3nzprggMzXCePJ6v1ilJJfb0=","cHCI/ABel7fV2KC0Atn8DTdSGyYDVnh+nT7/Syvsn0o=","ae9JIXwE4jT6P63INa8F9ZhgFi3XHBQhC5+UlGJAU3U=","1aaYwwu3OQOKy17UCJ9FGlM0qxsyuVYBGiCZdg6SY4o=","wACwjRZAI2K4k0ZfHzOCDOqyGcK3fnU/wkciL9F0S1M=","JKAqwDtl6s+FxBaEc4hLTT91Hg9Fm/km/qSeFb2UkHM=","qtZgqcimpmcvvVXAV8qDJaotaC2Qz3k/pv4/D5OOfao=","c7RQrNWuyMNTA1llPiWItbdhPQdh1zwmUEKluCORDX4="],"block_size":4096,"path":"_locales/be/messages.json"},{"block_hashes":["kgc3ug6V9gHYX8kbttOQjVUyMnv9MVdjujbrQ+cKMOM=","XdtQa39zOFeCSFaWLj9hco6kNraIPuRrNBP1SElVpFI=","oIG/Erj6OEuyVYPiP6886E6GRe6GQ7crGLUEjSg9TxU=","eAw3sV/9+NHnlASmchIJDgVxY5M2kz11dERMWZgchVw=","/7Tbnta0DTmg8Z+1U4dqRFLfBaOfR8/BYDTBw3IEucg=","F2+jNiV82SvSZpglDvHytaBQc+jfqIID5pkeclFJ4uo=","lBpOKMO4T6dFfl/Cr9a370pEMYFgr0/ZN9KFyrY+slg=","fk0R9MQxnqWr8N/ro1dmqryAd1xS93eUinVLwM0Een0=","PSYQahkEJGA2E/q2q+AX+e/KmROF+galocpF1L/X3fo=","TkwWXvRcGCTmJGAddHAwjalDUKO1/D9pxzvsh+enSIY=","TI+s657cGe3vhHcDxNyRg31zoOZ9tPeM4GBArj4eUl4=","xmqa5gSxALih0WvRUmAimnzjs3gJ0LXVQv561WaMUMQ=","SHDWEkVaDXE3M57SI9tcz++DZo8WPSnHqm5ZayXU7HY=","B2xSjl550YUEBkVi3Iy0w0VvJVsegv141twTpI0wYAc="],"block_size":4096,"path":"_locales/mk/messages.json"},{"block_hashes":["RHvH5ualaV9sXfTKGSYGZLhhG6LqrKoOLK66hYdrYtg="],"block_size":4096,"path":"action.html"},{"block_hashes":["SNXeJOJzhSczeW83zerALXMgSUrQ0gf85olO6dw0tyU="],"block_size":4096,"path":"ask.html"},{"block_hashes":["tqVRFUenBlfgezxWnQqyH1EgoZg7Mvw5WNVu3FVCcUM="],"block_size":4096,"path":"background.html"},{"block_hashes":["Z3cLaNooE8wlGxFqMc908Am4+at+mLerRKITcI7e9C8=","6gH5P8x3ZM7o8iTSncQXXH0ZOQjeGVb1wjL/DZQsBUk=","ns+8d4K9b1BUota3tOhKCTmZXPfrxEieSJQiKHZTnzc=","Q8r+JQdnDMwzKVzIuA8uvAG7HHaCqmqvnnO/lwQi7cI=","8GQJxI2WRTY+5l3aGkefpIzAEAEhhvzTGZE2HDPLLFk=","AWRXYw4+Eyxj8S7jt5EQSDILzv14gjWQRijnP9xb3qY=","fFCzmqdqGCilmmm4vpAJcXaTT7JdNTpxv/h1gG89nJA=","cP8nM+CcyeNPtqbwcMGRix12WNAsSNREuoeQgGukrRs=","jUk+zs46OW6IELTMF8HZqpqTkM4eT4yLkHicHjQZHk8=","I0Fm2bngjI3rLQDdrLnz1sMYjZqHzHBsvICzsnmT9VM=","eJ0BgKD9AdjHpyQHpEbnjbdomouriIhIv0A1xmhDDts=","Euo4jRixdRhk/7f0L3lbjkNy5XvI8J8u9UnnYMq908s=","E4BLxWCzyGHVVr9ntlwOZL2TkojiM2HLHpMZTsQ83FI=","DQIwE92KyyC3vTppexmCPJIGJt6K0EyQQsdPkUKRYV4=","gfj1VaPwWBKAvBPgnjJ4XvHE8ib4JmySLct2bknaCxI=","mn/HEgQeAPzaLQSOMJWMuLpkwF2Me+nZZfDDy0z90NY=","Eaa9yXNcRUfpCIFdlDhkAnqCtZCZwSB5iHArlFsGWDc=","FlqPsJRLq7sFC1CypZF62VthR6+rpy9v1cEW/eC41DA=","IOei7XThAeRPf7bQtM2T/+SuZSVFbPTJ1bP+/1lw1HQ=","IeucsBnA3ZpU9oyzk9bdunycT6j4Kiwj9wnm7/7LqMs=","IgrIiHP6U47s0gJ2akpRvW9jHqX/cAakqu46CT8u5q0=","mbzjkQxs6SjNeihZOh9RkGZY8NE4T8IsvCnP6C31E90=","/0ZqlsM6PVkKrydw0QaUxKoiUibjVr6nVMSty2yTLzI=","bO1Ncj77yzE1zNPwfV9OWmLcfYhGj+xQ8wNbXn99To8=","pTVWKLt0Aa/YXwF0qSj8sdnx2XRUq7bqCTw3yjS+hZc=","GukoDj0jw8ELjXc9BbH9H0x98cc8owX3oQjtNWMcg+A=","0nC5cbeD473W97HyCJ0csE6LsN6fjOG/bFbsQmlJOLI=","sVHpfr9zQ/duy7RYNAJLHBA9xQmGezCACf/qr5v9RrM=","ljyBsl4xbSA4Q8aDola0WMyL62OhGod6ZNq6OdxDcbI=","Y6tZFQ/inQ/PFdqXs5YooGqiGqLSvL1c6AvAWvmao+U=","aIBwswgTn8LQdgEV/O2j1aciG/k0tQTZfmePhhJNqPY=","liQEWiIOMa7DKTCbwWCZHuLpDlkjv2AHgnHL+sTA4Hw=","L4fW4oyFsew4F3699GeQw7w1sCoh7dvgXSQPz06ZVQk=","hGwPlE9lv/r98fCBawHKaYPa77TM1MyrNdDrYkYMJhU=","M2dtftw8AEA8SU9R6eynWT3eZkOzZ2qCB30SORKCY/w=","nBf7M3171feC8ZNi7ug2HiFOfOyFeciemdhirapFjdo=","nV6+J1gdIyahX+Z3mJfZAADx20UC8YenFr8oI5g+xYA=","u1qkZFisDPo9WZiBeBvNjGRGb1hDzvmM/yQMKab3BhU=","/lm0IHYzY2vioY4u3pOPMVMLL7wwGqHhpdkdxixh8bU=","2LyT/kI7ZRnnPLtJsm899+Zh9YP/6fYN8YQ3ZAa/v54=","BsB2uJsHpOPkLFbWlzRR/oDJaQmjMU8M9v+aLu+hqkI=","YXgSR7kcBAWp9qLxVolyiN1Mj6WvjUe2p/ixmhy2gy0=","zVbgpGCwFvLbQ6aXEFh2ipbZvndVEEH3+Zf/YgMfmt4=","FdfV4a3UBJOcpArcja3T+K9Ux95V4QAqo0PspczbPco=","rHTKJRYEmNdtLQPygJpU+H5bTUjTSLhJ+Hc+4UA7ehs=","FjWsGe3crpkRuhu+dMq+tUXBgWEK6CNw5sv/ZZZlIXQ=","hiGPaH35OJwq0h4/7wVkoSHxzDhHCoKKJbznYlnaB20=","QHOlayK32Sna24+fmB8fP8qywQ5IzpFjVVwMAwMHgZs=","vlfe/TNNk6qgC7OK/LZE3XGkbgNPrsTeJ6k71wPVI5A=","Eosp7TjXjKNBDxfkmYIZ9fgg/SgR8EK2Kh/GFY9kqQQ=","EmsUwm1sssyZN1LGUW2HFSPrFFLdzQSn24ueCEw59rI=","cPKFS+uQWstdry8FBZVwxHhuw/Q0q+0b5GgXIV5xTXc=","l+Pz3za16ODKivTT9SasEbNd9ygDUlC/SQlT+WkHuRA=","2RSFN0BjmIVDoYPrpsW6WEedlFF3eNTR3IMiY1MC2Cg=","l7BkBKy5HwXc4FH86f7+WjmZMmb6oAx1r3pfkb2E0qU=","HHqx+mSk/aKGe6jgfRdqnrAfHlmgM0tpgYvIeL0hsfA=","0rASSWe5UE4jO7wUMgxAKBBArPs6Lqm2q866AROv3ro=","91vxhRvX/OTls7+Eqb+9FvEdiP7HdVg7be845/0h2jU=","zg0i1prBA+wFVqqBy9tMzaT5s1dKaRNvXa4MIpcXS34=","C3FaL5jd+98VRB99+hUCxhTDqfmh3j4SRizWrvGgubE=","Mj86L/O8jJ5a5dRoj/a46I4FfZeIOi184z/70G2x1Uc=","RX1PKXwWEaKOgkQn6jPm2f/q70oDFhO0RzntXOO4dCg=","eocxvhdBndRabo7rff1yYug9utjiz9IVgVhm6YStLHY=","QDH3twEfuQmUfEhLJswWgDpKP0aBcJsEVaWIzLkW0hQ=","MVPE2+v57nZmu2urd364KZrvjvpY9TUWaNxY9bQq8SU=","V3Rs0IYqDTb/aT5ogfUW3ppL1b2K5g6lPaWY7YA5SsE=","CufF0ydLmhmtIUMks5+YQ5yJTXGIxOw4dAVjGRIuZxI=","JOOXEcseeryNkL7e1sdkZCaVWxDpDGIjLXVt4ZNCwB4=","kkb+odUlAFddy7VgoYm8+G1cyy1KE5HPO2+cR6ALDTs=","p0b6VDE2J2dkXvqvmMihGQ2pDcCx08D8akMTN2iYoDM=","9pSBkIIpwprPAvdzlVHVcjABcl5jW/hk+HJcGsBMM7E=","oaUngZqcYkmn/71Y0jiOE+lm11dOmnZAbBIP/jbgz6A=","BPjLNa8QJA9F4DuBx1TQ6ss9TZZcbxLTKh1IVEF73bg=","q0XPFVOmNVH/QxHY7IIzoLFJ7iyhljaDKpSjgILvdKw=","yKN1upHEktvAv2ha07DG7rKmCEkpKY8sysZDpRI0yuI=","8ibtUx8MLEnRCR21abe6IvNA4H/N5fVxoC81fF2VHlM=","SZrgDQHSN+UPsxjAH4iD16MHT4M9sZ4oE6o0B4+CLCE=","VOA2G60grpFltWPd5dS++pdZH9sKOnhduTJsOtNTcVo=","Ntv65lV6J0dfbFqve2vksMPjbaOADk1GzbfO5oA4OF8=","OSHxaFYoZZ8+jlqmAkmQnTlgb7xi054qV9PaYYd2zMw=","qDOd0VtUsoASmvI2hwgX8Ad7mjRaZeoK3P373HY2XqM=","orNWQsv1m6+Q84sqI/uPo1v9iNDLjRdX+TS2rqQX+2A=","Cjq3zCX6Xma7n/bm9HecrusZuODQXXsXQVboZSdBit4=","FYmTEz+BW89l7wy5z1aCqu4bV93mk60zp3L1mFQMisY=","wliC9CbvLTNycPW45PFgbDVkNdnzWHc7y4vQRQEQmh0=","C9kZIS0wHIEi4qnQFdrRWwy1WIfQFO6EkNfYPiqRpcM=","YukNjoIynNDAlXy+ehf2J9LrPiqGoNdwlEQS2SuNT5o=","23dNzYZ4kADvderjEbbs4cxygPMepyyVRQfk9oc+n6Q=","9pjIeZNNoGs1iGVj+eJ8HKAamf5sQfmZrB5rsfgGGK8=","s2I8wewMkuJbgUeYafLIIVu3jMhyNUoecVWVU0qvePg=","I3wkPk7PfkVtFL96g3T8SVQrEtVjcRFI6bY/MMRY0gI=","2DIwBeTowRIeZsKNJZNioQ9ms0/4Y1pGVREHDiHU8PI=","pHtnECJUm8SOzYfWoNWIiM+ymE49+dqL25I6P+p6Hfw=","T8Mpq9nhM9ICEexg2oNLc+oMVKvSu5RCkHU2sPh4QsU=","ZturSdxGnbZSr4Toi1pO4F410dBA9LJOMUlBVcdbMyA=","R313yDFKj4tRUXyWwrLcOYbFxYPse2NxMD4w5F2Qa9U=","26Qx3LNwBjZR6aCttt0lQJpKTYm3ST2mDlrltOr8YGU=","MlpN9Cdohf1kKVX4P9reIxn7h9LkKrDUI9dpJCSMJyE=","A4iN8tcyeM7w7VoMu6AC34f900qVF+wNlYoyy5Bfm78=","quxzunYZs4BWIiRL32SC0Ysq7eNK5eVM0Vebmh20fHE=","7tgoxXsXiLl+OwKIiJvmbXbj/cY17KJi8tpXCB1cSQQ=","8i8TQ2ElGH48pelA/NBHDGg+cdhrft96AkK+UAp0/Jw=","ZWFsxiD7mzGo/HdOEyZ0hRUy60v88gunilDACSLYG1I=","Y7lLjXO0blDtxJXZsT8MHHe8z5+1cfqbv6YhKZcQU7w=","mQ8mjpyJvH2y7XDrUIUWkBnWhzdPYGoVGv8szfAMzpA=","SuTPaHQrbr1Cl2Ken6CAVQYkeZfAyyofcEP9svwP19M=","jOppuOONwZnfh6Wo9itwqpZQbgykMxuWp+sq3bOrgSw=","SGQPwXJAs335d0EZF+Jje08xdyUaPUXaMNQUu+1aC70=","7uSRW4ay1w+4Dx9hj5cWxB4YLndm6Yysc/pmHvctqxs=","jLLmIz4ZiAbwQFkyv0ybuqVhcgGYieRaztic1hLqdvE=","wcK29fqwNFMU2XG4yKSkQn05PNImDCkM01tecFnO3gY=","vsEFhdICBDPFwU0X3rHepB0jTZOODXl9AXwUBAno0Ts=","jXesBnxuIg1SKU4S75Vd3UUUgKmltenTlL5fN7opeuk=","vppHJQvlqt4kbJ4pXbiKiNmeDBXrycYPH/H76F5S1hM=","xem2Qejb3Syyyz/Nzno0yIH5/gz/LIYwKio8J4wsYAU=","p6JjZBIavmxRXIE8b4EikaThjpDFxGdqyCe9epHljVA=","oMpsKmcPJv/zMg5Mr6z4l+nTsUP3O2n6swOrDQOKP00=","zRPU+IVbrXtLzw9Cp0tMWVvOJE2m6XgZyZ4ufu0ifN0=","/FxfBqEnzR6OwlqZxuu4p3HS18RP174sBEcZpIqRQYk=","c5loN6bpu5YSR6TltHRnvwzivJ5hvopQNjBtLOU08EQ=","46pNR2gNgh9Gwa5w+NZRaUpc77kIH4mGm01LxUh215o=","SsRfhgHeGAK5hTdRXz7BSNm1l07ZppvXwLS/5AT7vpY=","yhBprUsmKUOKRxjRGCKSHOtHfxaOilxCAEOYEbs3A7I=","eTyj+xwLrzBuHxR9IRErblC9AtIW0iFpdF225z4b8n0=","ptgWjCh3Q/ky3WwkYtb6ZrIMXRmjh5VOWMaQ3cB4dPM=","CCrfFqJ++pCdPwbSLiCwtifXUqBESkd4Yw3kg/4y8M0=","aCu7nPMaNFmtYzvy0z7D1+1cerGQieV9C+rWvWtNqVA=","pqfv60+DA4hlqtn8E52UUsvsoyJnfhCf7pfiSHIjAcI=","YRUxexw0/gEQNmNIUFnGYom1t24H8eUv33cUF+jwpdI=","eiB4aH/V2IGNn6+rDhRNynHFIx8t4OYRi912UgfvSbA=","Fnr0euzZM0UBO8TJ0w1TguO6ecfZGC36VEwjNlD7fdE=","q265J0yNS6Aj7zenID2LGGubHrVtgppxot7EE1ACclw=","pUQDFrWu/v/9JRixRJM6f1pv2kOhqHQ12AH3MbIdSzo=","9lHN8Hr5C3zL8qDo1vwa5LJDsfctNK5j4unchlEaD1o="],"block_size":4096,"path":"background.js"},{"block_hashes":["msQJVmtkY1WTYl+eEIaGRZdGEmdgPv7n65U8pTKmwd8="],"block_size":4096,"path":"cache.js"},{"block_hashes":["Hov+T1RESJP6IGaESK5sUWTTg1IOrdToPzceJwNU5g0=","bVwLcaLCbWPrBLNJYr0NZXO9SRSfZwQYnExTNQQfuHU=","iR4e7l3ee+CAKA4PNLaa/pE/KILbE48tbS0coHGXuXA=","oee/r7+yU5IUd4oIdKIktfDLLRAi+RmLN73fiLOwN6k=","Q34xfrP99XMCzRXT2+imoQMITNt+yw+wmXjqhGFW56c=","9MkOtUS9ybVHhJ12dsEDFKn+mPUgSDx6AoY4+aMoPg8=","g8rF0kzBkbN0Wr96FwMisqEcZZBH+kKT3nieH35SoyQ=","H1ESYRjD7fG9zBwZ17c1cpBHJl1vLjOi5GvB0Q9O3xs=","qayW/+kCGU8mIGd0mHSESoW3Isa47A4TuyJ+GP49Vds=","H4ccABbO4ILxyw/DqIyKhsZGYUSa8h3ecfcKW1+ENB4="],"block_size":4096,"path":"content.js"},{"block_hashes":["gqiQs6M6PfimEp5hJl+MV02MRHpe8jUKXVJC18WQbIU=","bdBWQW/l/AkW+kTnRAm1HUS99M1NNzBW1eePDlZsF64=","BmOXNrRqtBpfrht0Ov8/L2Sm8A2JClhCvJU5O10/xBg=","4qLSDfynAiahPFvl5+BLaGVHg3xIGcFbIML0REL9Gck=","TDm1PeTkdwsnbU1PDu2LF1aGr0lr8uoOAct79364CJY=","alLY9Bp7MIHaW4TwamFWMY5GMGxWSG6Zj8eJbpSsJC0=","e+HcuNN7IWosCx2uzV6rEUuuXBd7v68nWNwCanyGezU=","kxQmwo5G2Q6KkqEMenDgrsc2FQjEIAwpRyh5Zkrdpt8="],"block_size":4096,"path":"editor.css"},{"block_hashes":["N8Z6BhtNd3c0hy6Q3ni7TXzR9h17JOV01V+90MID/z4=","LKKzjx474sMVgL4HXFJY8qwEFZ6RO2H3+BxG4J+hES0=","YagYQcekoDsyDmDBiU4bgwOQ8viHM9iIb3/NpWWneQU=","Mlc6oeb60f6n6sZnYllLIyTewRGg0YifN6/T/D5AzUI=","1mbrYaaofp5DzNNIbJKJgWqQAYm/ZGZcWZ9NDERFlMs=","yMwcJBl6M7BGdyjgvFXN0dqzRsdHAsdDzTOtNq3Eu1E=","mWAn0gRufxnz8kXpjqCnI3/BVWL9XD71dfw4UMDS3TA=","Mu4/PSBrOtaBI8C22WSxKHu5TKb2dkmsrGh/y/RAdT0=","dIW/Oo/VHfnaaNAs31CxAiaeM8P/E7c+UeisdlScyfE=","eF0Q0L76uwtil7MfN7SogoNv/Od+oQ2nAvKcdbgxWTM=","z4XYwaf7ZPsrO/6vNouJRfp6ltQcZymzUX3s91aaC5o=","ocvuo0B5AfDhx38k7Scvo4tZBwU8sjD4SixM2FcKhis=","yhfvd8LWlu5iy/E1i9CVpqvCGRRlivuaTlp5vxIkvG0=","lmB/fJ4c33Uv3K3kyJ9qkn17p3jQWh5YiGbbHNCHlak=","kKLolM9ULqYhMWnqlMeOlvK8CUz9tdFcrC4z/mcu1OM=","e7ZYdQFtcKkHwFP2z7dVCMkvtNMLJPQJQVMYWi/dZEw=","SMhS+zBiwStWH008hIVox4sTx2Ol4ZC9pASwGhO588w=","xK+9zeYJs9+rUMJdhel10N/98hiR2B6SD6R+itLus/A=","W6aRnt+pMWKHHScOOAF3rs/BuB7bEwH1enwVxrUrmaE=","MH4V/BbgNQPt6qDfM4vtGtOgl0VWf6DsmOQs0d2waDo=","Zxrm7li9Skiri1qS2U8Wa9aHLenqxqT+MlsT+Geh5Eo=","3tkWJ8NEhvHLptZLdTdAJpNbeOJN5bns4cdbkWrc1Ns=","59QvJg/iZD/P7d/JQWuoboDVX6vWoOSOlEU+zC3w9Lg=","y64PhgrCZrTCXWJ0HTOQl2llExQiO68atcEGIW02m5E=","hJvPezd6aEz9MS+RapplMVqAAT6Rc1gAc8FoAWGTMHw=","yfO+GciudJohpyCD47PTJlT95iW63BChCV7h+inSZTA=","+G1ppzW4h1+LYKt/i4abkhtmrNYVxaS4WXmgr8EA4R8=","J4VZWt+oQ92WuHJdipZMe+5QMHAHkofr4AzD5pglnt4=","k209XaQy4sI/ZrXjyfsWHEpcNIIwsMGCeQ+1dH5tBjk=","6qt03AqIHgdG+7KDhP0hQuDc6jl38hE3OqfOCgUBXio=","kg81kbEqmTlbuTawtVlYN8CfkBeywdTg3cMALTyhC2c=","4X4jxfdcAHVAG9fmB9DuAZwGJjMYP02S3jakScQXiJ0=","m3pvgyc8ZJJG3K82zkYGnprB69Q5VlFk3+COk8iuKrg=","H/J5x7DuJNLgpFrilxoxO6kLdDt171/7wbYjJ6qPpbY=","ph7Hsu2Fr+s0/VcJYMvPapsqsSNKBbb4xekC5Tczscc=","AnWcSG1V+9tujzT+WWNQwtEtZQemzYRmchp+6MzJ1rg=","B5HDiJUSCsNIYo6PYhx4hvyNfU1szi9jYjNzh5ngrew=","S7SwFsOTsbJyJg4JB2tJPciTqHsz3qivRlVl6RAAHGM=","UZH5CMD0kbLQFpsn1jSt7cBR9zeRy556nx5oKkqMhVE=","uSHjSzvx+hCOcxqAJ00cWkcpg4OzCXaLiK9wsGYbM54=","x1wgyqLU7NQs0BWNDE5tVmSi/IolNrFZsFOy5mnU638=","VFsWU6RWwD5Cc+hksHMS9FJ/qevfkvc4eLgf/jgmync=","qCYGETBN/NBOGS0iPpJ786fpN6JFF7boMTP+uaIyruw=","/6oBJ324cZW8mLmLAc8+FRlRSSEaMaQywayJBIU8zIY=","duUJ6/jEk/+lyMNZzFTWQoiFVBJ71ptb8PQhasvaMBs=","EUktEBgHAaJB7OZaZAkniwGY5JsowcfZouHw5uwbUUg=","BYoQVrX2TDaNY291mAhARM8ZugYJx/4wuSOV+5nw58U=","GXHhaMxwI+ndyt96tWbsefzzP49Vf5azwq+IU9EBkYw=","XT36jNZ6HiNLDsH0PBoGfMtppEzsddq3j0qlPW0oNTc=","ANVdmVQ3ue88QvIx/VcpVNDmRBGuJ1VCKW7oxO/zeyw=","pIw+x7btPjQzdlymiJXuPEVG/W2CSW4VDzO7THhBiks=","BNTzlYvp6j5qQTjZcfkB4lJ/wjmhAtT6eUBIURfmIgA=","r9yon/TPgSyRFFANAJHPjnxwEdPCtzSwPvNnJ3SVFiY=","wSnHIeiuCUoZ2QKujBhs9wS0sg9eKo9KJbcYrVW48AE=","JKpPQq4T3E2b5sSLI+OGPkPdAorOpumyBJWyQh6JZtM=","6Qd3eWfnjIF5bIfIAZ3erSOtjYtu9V+0TOEA2QWKi7U=","p/BRmFW3I7oR0qKyWt/nN8qf4xKOL1wwy3BW9pdClFE=","S7/rYc15kNOfRD5dak5guDMpKa3DvRIE+8Kqe6v+7VM=","ZK1kTGuOUKT71qfjjhuz3SOL9h9nRif1WFJaA0ROtWg=","iCiJHgqytgjUtbtCW7mm+N0xKIziu3uj6SAq1Gx94bg=","AZdA/XofkabL2F1w2dYneVboKSIilB1Wj+J74VSh/b8=","J0gnnBiWm8kBijSX8Gef1Ki2QHRsXygXdvcHLJ+gqAg=","Rdx0FE/o/g55Zr5YMJzVzqpCT9c+siVTRmXmYIYCuWU=","h7hdMOdQMJ6KM0EejAC+fkIAusex+JoGksaBFzpL+4Q=","e/43xJ+e8630TGK2FSQGs/bzp5+rCCWfvHgSAbf9qps=","E7HCSEghYl+xVfRIZdn0BK55lHLyCt+ggM4JKAlW5RE=","bXT4ENF+OznhYbb9uikc7PDA0PJH237bjGycWxyaE1c=","Ke7I2K5ccdButNO9687CN5H9X1jCZN4qbJ670HhsNDE=","1TkhBEJhuxOEm34ZyxUPAoIo4b+nRU47cQdpHomJsys=","X+yGRcvcG7AcPnMPqToF41V5CHG3t3vcMv7MrWEPzFM=","aZqvYwHWWto5o2/eWTCWxoGSbIYqKImAZ2vp5qF1hiw=","EkYBGIaa65rtCcBFwqmEkrGULNoLhtWwm26QZ+5ypS0=","bhd5KwmlG5ofDUHYv8NNyq5r1DdJBymreg+8yx1dcqg=","5fhXoFFHVBRJGeH4PlXyLQ5E+He5E16OisdbY8YCIz0=","/Lx5sIfdexEh8waZ/odtRR0LFEHC8NhbjtKjKP7Tzf0=","gb6zVjTrMJN4oKB18erZpMrGw2vQT9da3Kvyo1wVKh4=","Ic56E/502CQqWcWscSVixs8YWSMc7OzFi1jYY42IO6U=","P8vctXalLTHIHqxV/p2KvlMsH4t/dqaI9RfJfyFb6Zk=","2f1voJtzQWqcWPwJc+ZGVbtEdnipU4buzq1nwK9yhU8=","fnpTj8gmQPuEWfbNrZYqVeKI4puOlHU+AID7lDojT5o=","HxVuftkG5deaGPsjfVlfWfd8c5dSFATGx/55WUweZhs=","r6EDjWUBJtgGsaYYua1Mk45bYoQeXQjQNJPcmLBy1VQ=","tp1luddDoRMOvytOiCdn6swYg7U+A9b8rrQ9UDJIQnU=","UBZ5ZLWapxKrpTjLAdHBnFYfThH7UbXFpKZfj7PsbF4=","NJVAC/B5Igj2UrIeUR8DH9AKR+4DHahwdPrAbW7bR9s=","O191CRd7ZHDn/rz638EDabAOuk3UqS0akS+r0A7P0UM=","ag5c4jRRe+TSdRGkxWCgGecNx46tdUedghi+Wd8TC5c=","3j+8dUEQ+GkcR8xjtdg1g6yKtryf1CuvyToWn0UgHOg=","tP0zZiD5kbw4d8svc+o9DzDRDjyHlHY7C9xlZgCZ60I=","vPrRxZsezZJGdozaRsFfEmQMkU3x76h5hbBaUI06HmA=","jxF+rocB3mBi/lBHlVrTYJzcJC7HwoyrdILi9MMXAMo=","wQGjJrMziwLLVlQ/qTfb7KL4ImkfRCqaSiOLNNJbJuQ=","6yjocPb3xYm8ksh+mH7C2z/ne0FWVHmC1j+t3dvF8PM=","vFJ4OkOAuBpPHElkDSSHR3glKnCfx0Hst8q2pBB1bu4=","IkA25EfWXCgi1KVXHeS9uyd6jgTYuT8XvJZlBsMaQeQ=","qpR8Tyr0WJdGQp1b3UJ1o98M7uooeG8REz4VY3dDnfk=","okYjQmES7A+2plMkLXnbWyMBH4NJVfGuX1KT+CkD6Bc=","4d84EBslK/3SkNLt3SG/O9Y7sK2aPJUDqq69YiX2o4I=","yThzkePcqUvFPVuJFeImY3+7Kr9pQD7Hhgp0oOMY9uo=","LSQm8MkuPMpJ62uTUIzUW7jNOGxtcR5N7FsIwKfaFY8="],"block_size":4096,"path":"editor.js"},{"block_hashes":["tJ8SM8nwaQA+q2b1jLl4TBc2BTm/nimTkcMR0hxzNaI=","vY+EFDm9kONzkFa/pS2IFR5kFYIdSdlEyDcNHqC8CsE=","Pze6GkxVEKahiefpDwDqNn9g+i9MKtKxpDJ9O2V8tIo=","6NigKGrHHQM8Zmdlz7lH8dOt/8+ybLJ8p+ynyt9X+Zc=","SUO9G4igau/YsJT7RtRSdI9NdeGY9BBejvvm8eaAiqQ=","hHdZDGL/oaj2A7KMJ3ISbqzYEUypF34VqygTgOiMFog=","CjOdAn6cf69nkTKX9ByNPVimMcbZbMWe6rLNszfvni4=","4i6aLZobr9dJod3RWYiSOx8iUSYNZk5GDosar+7piog=","FHrDu3c//6TFH1lSY+sP77sihqEm0ZLANFL2rn4miSM=","s/gYrpW3BekSbt2QpougJKfd9Mk2AcYyBQaFaQl7PII=","UFTWpOWfrpLu3qdL5Usacy8vGjtWAfHZ8Df9zSuHAE8=","65EdeYG0QCom4s2BYvV0i4xK1+rSuy82YcWr/39hSd0=","Qhd8tz6mxS9T602IcYgFZWJOHgWCa74yP/lEsGl74MQ=","1NZtHTdxxbIKybr53W6/5os2Iqs0BcXhrlmgrxhYv4s=","LmuqMatfIN6Pmf0WMOBdL2RN+9uJ+mmevEpWWNNV6Wk=","iG5JLqs3RMrg8D3UXFYMFNnSx6OwUmqs/8ouGPK/hHI=","0wuUc53vNBm2HnmzpXZoOEoXZQ82Gg4z4CPPhJJB7/Y=","zuUBCmkWtJrpC6hogPe1CmBJ3bm0rHcEVAi2Rj4V9XA=","yyp7/NqYVB9A2KXPROKbmHmUurAneI+yDHTPUdFEKFs=","qItvtq860wTkNIqp+Xevtyqt077djd8oxCK6UA7cTJk=","1SP3rFPCgyJm/nvo29R/NP1u7l7YBZyYQCroO9elcoE=","iQaQCl5fsPKlkqdqOAWmzZPSRn5wJdF/kN8TKYv0tE8=","JihM7vqj4SoEBFqDI4K/KN8ChKwyX1jVBp8Xmvn80JA=","L1YKNh55mZBb9aZ/3B9zUiGRyFyT/aecy6SgNAPYbAI=","y0PTGlcpaeuTqn4oXU7/LEPXPqhCgxBXs2egtQ+fvrw=","h1zAHLkVVB7AwSiLlegLHSyxCK67iLECbvtOcA9obNc=","CsXBwi+9TnlnxatFqeUkMcs9nlZEt4WyheqlWoCVvxA=","R4Z/Lvwn+ciOTOgZLgmlFC9OjUS55nR3r4yl7lr1MbQ=","3GTxdXiKDiO+oS4L2ET23k6kK42GJG/P9Qu+TH7Ba58=","nsz8sIOG8HUocKbn6Tb0ifxHkVlViD9TEALOdNsGzCg=","Na6itCcUwRWuS6A1agD4QfXnvqa9AISA1y+jUrFruks=","jmTM51kfSsDJQEAgZEjBcPMvygyC5+pLJbLzJoZ0QY8=","uRQnD3raeLz/6+dvGSgLe/uDj9PUOSrltuz+N2OxUk8=","H/tc1eR2zDS0Ok38FJBo883H1r9BHYAYBDOpG4+3/Wo=","xziwxT4yt/zm7kMCVASAXQA6wPzeBDALAPXwCDmNvFU=","1s30CZTLivqVQQuPLsFdXBtJmTZCIsrb3zOlNBnwJ/8=","urkUfu4m1fhkzcTkcLHBJFx4yMK8Lj7MJpFdWBBHhe4=","hkZKgMmtFk3IZ0Z/DrBCCrG497BJCHMGJaB/x0QLgOI=","JcgC2mM4dPmtMf1pgQ6PuTfVwCy4r445s9ceRqSIgvw=","w7kMnSnJlu09bY4VkC15kvhYXoPAtuszG1svjMeBx3o=","0cYirdEQT9VJ0O7Xe7+rOpoUmVsRxdia3+jM609edJQ=","mLcDn6q6IP09gQ9kFw1JoIpuBxp2zc7zrN6ZY5lXvYU=","9zG9e/0ePuBABNbJhJvZTvr/I53Nbe5x3QvPPdJFzPI=","/yjWp5rxSZP/mEMJxYm2xSZcGB6l1m8pWyhfG5z3wtE=","ts4TlBwb1GMLm/VTNGdN7J52XqYJ97324nEIs8gaFsQ=","WvjDtOqB7CAXO8cF0Nz7Kk6w63pv5PYdbElTpazJoww=","iNVe6Ydbn4TxcQtSH1CljK2lkx1Hdm8PLTSQ3D3rZFU=","VDCtaLgNXhXEt91vbg1QTbpjMi/MOFGKmTFJwh7CKIw=","BQDl0FfKwaeVwD3BHfOuFi3jXatTai/2bX8S75ofVYY=","auJD1IddM6zXbEmWKM5Pri/f3/E3Mp0/IFgWdgbEasE=","72tQkPWNxaPBg+rq88vaxlGYOD5AVrRN+nnKdMFZusI=","PPHHBpuSlev5Xd4dLqnZF0Ea382a/Ttg8bS4nIZncC4=","BgbXiZcxnastjKkWJXZzciBQD6Kx+ye8oAeBcuSdbks=","tIj0MW+lrxeO6dIxARwEiSXmhBCyUYU8s5K6QZY+EcE=","qNP1Dw0bbMCfUPgjxuR/M+e6M+7/adPPCVID1tV3jVA=","2GVAU1itEHMKPGHSNQhAhlnPSnK1tRb3mUgY/HkQ7q0=","39es0KFR9r/1vlGtke2HJz6twZxrWRRvYz9RhcYNkZk=","EmlxWxEf0tzj8IqAlBETD8htigdRJIqJ3laOOZ9r0NI=","xZf8tA4ANRaEWTSgA6GrnzAEokffzW/dRsVabm18s/s=","BSFctT1VO2RgZ26+d7NoPgmvCZpEuPqWjNoiJgEUifw=","TW5j5TRowODJXA8oZdPSpHvhI1Sqs/PySqNFoy8kWCk=","yfgO4coB5yZCjKI5jr+jGJK8GJXAw/ZNs1W37K6DCPs=","ebymOEnsgUWrqLK7rweAk4tCShaLkdQKgCLwmuXvcSQ=","Sx4WsCEYcecHbjRpwxJvzHoIDouFcpO7cUkK2Kt+igY=","/QH8rym+EYeQIM3b+crU2IZDmGc4iJdYznxv6WnllVM=","4A1Fec/87aABgZOU3+ITCEMP1qPDor5GjK0lzArbvJc=","406R87dbpKEW8TI8Rnmx0L4bHEwYfSW+UHueNWHIFYg=","a2JNocpn3guZlOEh8RhqkpA4LIH2aJE1Lx4Hq0sGMjM=","IS734Cbhqa73/trKYl7Zfp9ngoSM2Cmwbl7U/aBvc4o=","mFfcE/nrAEy3wUOMrdrYOcc3XaUUBcjq99MeRtCjJ0E=","5iwdkJl/NumwDfqlDbfQTDd1/dZNF1eNfzvCqG7mKt0=","9w9eCMqZq0oN85NgldinTUdAmzL19RoIjNYLGUEtlsI=","Xz8ozG061BSNNbWS6kNFz9/Z9UJufGTIAONebJ/n2+c=","yZxwbSFAOtvG/V1JoDlhVdX1ZvP6fElPhpSY8qpsn9I=","V7yKQ2mX07roPS57FJlDtri3Assu4keXScLef1P5zUM=","JcRY5YrrGuAtqDXgYecLmm7gO4Zbg2p4WCROHoYRdTI=","KfxXSGR+6UEIRvbiBZX3E+YGwsH4LdZ1F+9jLN665rw=","8bfsbBodysqtchtLpuMCM02NEeVtR/ooAgbImcGFJ6I=","y/LTuJsHH7eMIpKIN/eDrBWq7Z5BBK2yQ01LnbSaK78=","8iXYVB7r4JeEcho9IuevzenHWirkSDgsjsEUxF8U78I=","/amRVIRJ7/gUqtVOMq2YLbDxiRy3VjMGZh7gPLciO6s=","ZT7DWk5gvwdheTBBg0lIqi03whKbbAu/dvTBCTsyfE4=","JchNQTtFfM2spdhD6MUWQBb6mP+Itq5lbtGeWkGxG1k=","elVwRtvIXI5lzNpNixR3q03VpiaUVbo/tb69DV8s8Pw=","Tu4BC8mTuCZU9NHIRYEyyb/8swGGHLGWTQfMRY9oVjI=","wzOp9yIanJeoJhH3BMAYTYaH2SAhWG2Xw/UgV7k8yjo=","IhIgwL1rzbwMzYt5+MCSiAKgsRLYxmvGkjrsy3cBhW8=","k68qzbE9uhg1u3Bz5rBgND3/L+z3lQ3v1epzyxjHhP0=","4vRigFXZJHi+jHjXPG2/CpktpG868yqfMZbJh11NMOg=","23CtPYOxjgnWmeYIm4k9FLQBaySbjW7rDm1MhK4nC3M=","TDlYn2KkPKUWUWKB9X/LucqFgLY6hsGwAzFsFh1YTXs=","Z5PZ+zYcN02Sg+lo+HqTDjpyJXQx7o1rJuEoLlMM99k=","jhMVpUZUwjoeqIpYpbro8OnCxg+AI/kJJ0SqILRBPgQ=","yAE5EC/8qOmUosThWEQqJD0nS0USAjN5hSz9DZT4sjY=","9GMmxzCWgSrhENy1r7Q54Jeh7rynV9TKbsCCcEg2cJk=","E7hBxMohKFmT5CS55r7SsYmLio5bAcKwRHV+6f9U76k=","qXfilTaSWAgY1JIOsEwRVmXC6H/vd/wuEkQEHbEji8Q=","O1ewFP4qddTjqjVoU3hkvmVmotKeihWU2ySG6/c5jPA=","cMh68ys59SM+P1BHvS62+DXifHwyBkscMop/cHhBhsY=","voJETRua9KhzGPqnEeQtRwYVRpswlQ2eRLHa7h4aeEk=","Kqu7TG41Jy5gMmeVZSiAY3+M5kprNYrFO5+z/jm3e4g=","XIVfF+VeFsYCC3ZfAIVIcKkmj/RFquTj5GC1iMLvfmc=","b8DSwcnqFSm34BBOpoZlc5ihUQEgKOIZkzFIyd8prLQ=","SVMq5OPpaUF6oqqUq6tAPBQTni9ITjJpchoqrWfbIH4=","oshzvzul6WLtgAmhSO9LfpE4gvDkOIf434J2WALqQsw=","aN3HLL24rZTFGZuqGeD+xJIKGN8LPUY3bVu18I0rZCk=","b25hkib67fJzpU8ZN/ZwU9XOfmOMEDgOD7H1jo/rLDA=","wSc6Iss4VkC2IBrIbzUS+cqbBseO+XHi5uQbd9fUv9o=","w3CyvWCxvEutq1w/VJdWgvqGyUK5vU4Bz+zxiuQPwRo=","L5wPfwFYNkC7qWOxQ1gHWMRZBz/Zpun4uyeWjbxBLiU=","U4lsrhUDQFUveK3qOOXSb2I8EW+CqyygViUX2rD9kfw=","nPcy9fmf8zE4PB7CV0sUeUU4L4x5DbonsBsJZggGMXA=","d3cgWWZHod/jcWyyBp1PmQwSlUuJTGWsvjM/br78BY4=","x5/S2MBqReye+I0YUbifBrr83HEcZt3C0t4nVpd1x08="],"block_size":4096,"path":"extension.js"},{"block_hashes":["LbCwsGmfd0D+SZYiJnNH8kTr+SGoDDxehQf92Mf6qOI="],"block_size":4096,"path":"images/icon16.png"},{"block_hashes":["OnnzWkrRhoGRmCTZpbWnbBky+KVFp0gz3VoSH/SfNIk="],"block_size":4096,"path":"images/icon19.png"},{"block_hashes":["HIXzS+EOxre2Svx7KBFLbzgf+sPMjh21d4NzQHjZL24="],"block_size":4096,"path":"images/icon24.png"},{"block_hashes":["bSGAVWJ/FssrEX6sAiboUXX3BfjCUqMTjNeH6DTPEEQ="],"block_size":4096,"path":"images/icon32.png"},{"block_hashes":["yDLf2FgjI5ecFQxtekS9aZuP8NSiI5xel+HDZMrqDx8="],"block_size":4096,"path":"images/icon38.png"},{"block_hashes":["KhSp9O3GXBL/ys0nXJe10byfs2N6SOnXKjulIhFzAOE="],"block_size":4096,"path":"images/icon_blocker16.png"},{"block_hashes":["4pUotaZ+DXJVMVHjMmim3RzDQqa45x0QTDPHRoskJSs="],"block_size":4096,"path":"images/icon_blocker19.png"},{"block_hashes":["rnOGPjYmM1Pd0CWh1wIBJmuLO4CRcA1R3IicVGVc9ic="],"block_size":4096,"path":"images/icon_blocker24.png"},{"block_hashes":["B14cazEYQ4mWzYteEeSUnd9hzCDGV39oARU1l/CiZQI="],"block_size":4096,"path":"images/icon_blocker32.png"},{"block_hashes":["x4X0JWg3fHzbG6fpsbPWM0QvYXCqpfelKgPWJJJ3Mdo="],"block_size":4096,"path":"images/icon_blocker38.png"},{"block_hashes":["J/qUJdSj+SgjsqUdGw7EWFBa8IbU24O96bre1JDpyg0="],"block_size":4096,"path":"images/icon_forbidden16.png"},{"block_hashes":["wB4Rb66IJBc4I+++g/pn7r9uQ2GgaPRvzcNg8gSSLEc="],"block_size":4096,"path":"images/icon_forbidden19.png"},{"block_hashes":["KYguiK37uDfGql17DPk7Qvzg6kz5n+BdbpRO4YDszGI="],"block_size":4096,"path":"images/icon_forbidden24.png"},{"block_hashes":["rbijSsEMr7wx8G4VIaW/DAzly/LV7akl4x3Me0Oovkg="],"block_size":4096,"path":"images/icon_forbidden32.png"},{"block_hashes":["Px9jHz5PQRyO/D6hS26/ewHvX9P8Sa6IhJ8BYXU1kFo="],"block_size":4096,"path":"images/icon_forbidden38.png"},{"block_hashes":["wzlAB0hmyTCVnvpHKpJVDTttYqhjqYFMN4InIVBdonw="],"block_size":4096,"path":"images/icon_paused16.png"},{"block_hashes":["Bxigatu2IsCYBkaCKt4VtU0PlMTsFhhj6VOAAlx9TRM="],"block_size":4096,"path":"images/icon_paused19.png"},{"block_hashes":["FosYfIrs2h0sOUmGcRiN+2lvUbQsjmMP0YccvLfvwDE="],"block_size":4096,"path":"images/icon_paused24.png"},{"block_hashes":["tRebltQqUlp1IhSwszyMkB/hEQH0nob56HsH0TCDzeU="],"block_size":4096,"path":"images/icon_paused32.png"},{"block_hashes":["/W53KqP80HlCdCE25hvOkDx5DhUa3lsXUtkhU6Iwigc="],"block_size":4096,"path":"images/icon_paused38.png"},{"block_hashes":["Rxz+9hoL1iNjfZExrEaYlSADHOl7WLwbTbokf0/+2fA=","PI8OxiuDz4LO9niGl3uv1ieRCgEFhi+CbDyaqlMAqmE=","N/lcJXUDE8Tcow6GnvmXvzWITL1Q4x77pT/iCeA9qjY=","Sbjjt6JHw99u6QCmFDrke4mkcjfFp9hafpO9TL/xvGQ=","Jmz/uOWgHWYm75EWvf+FcuNbT/JWWEe7aBwlMswnRv8="],"block_size":4096,"path":"images/txt.png"},{"block_hashes":["efTkp0mmmYJGKEExofAeq504kTPQR6itvdXQgeq11kE=","wWNoxM5b8YxFom3iZPW1QeD0qSeurSrqssGzvcYiP0I=","ClzeqyIrMRL1kTzLijpNacMLiO/pR9ddD/iY9OpN2Gs=","XvFn1xFZkl11oHcjN+3X46C8C7UlpIcDOqmOJ3xv6kM="],"block_size":4096,"path":"lint.js"},{"block_hashes":["SNXeJOJzhSczeW83zerALXMgSUrQ0gf85olO6dw0tyU="],"block_size":4096,"path":"options.html"},{"block_hashes":["YH4e4uWtXDtX/myxqxKC7pzcwU/qaSc1RNu1Cy3YlXQ=","ydK5SdJPRd1xMdNrlDju0KPBWWg1yoVRfaFLUKir0Wo=","ZVhNoAsE7iT1uFp+8bjEZ8Q6qU/2A8p8s1t+0y72dJo=","WEal5rOOz8A1WuqrUEvR3lT1ejwPYJIYobHdsASAUZY=","UvUS7QFl8XGMphHGk3nssHE7a7LFWLxi4WKrZfD6eGg=","HfuOSyG+VAGjm37i8Q6w2VBa9nouFeeLaDB/3uCHXgg=","kL461ixrqwLpq4Dut3stGIQiNAux/b+/8uoMC+uLxpw=","5teBgU0BtRAvw37RjCIhHU29MBM+jsaDQpVBh3XyoPY=","nyEvO1+BRjrCbqC+Gdx43TbR1pvpBtOD4yKQHRZ/Nfg=","ekyGftJRaCXgXdO4691OQYJYz5HJ7u+UljPR+gYuxl4=","a8wZMWbgaFmU9MpmaLAJsQE8ChB+cxCHklPKOmVOs4Y="],"block_size":4096,"path":"page.js"},{"block_hashes":["Im4KVxDSOEvo29YTq8TLtQ6HfuJsdpDMC4Wp0eCxhXw=","M/dtFlkRQPvI2cSEsr/R6RA/y18Y6Q8I7rE0NrmivDg=","J4+skragS8VbcgDQObWhhm3grWurGZsbXdK3es+iRB8=","rA0ImdVK58yaWJf4TunOy8VIPcnmoF9uX8TIPyBE4Bs=","Hwyt3sRDqXTsETk1iE0tkk15qtP5psUbZz3SElatF5A=","zEQqIuOLHAHL3vNjARNaPBtSMy4CW02e5+OITFMVLJ8=","PR2lffC1GZGMmb7n1405LbHdxdNAmAqEGSH7gSC+5Ww=","5v3N6SowBUgjItv3nEfc0E1l3lqCoKg0FpS9U5wYTt8=","FIbHe8pCG6Bqg2Yr/DdwAv2Bcnx/YDzRuBIcEFqZHF0=","XdPymt8zXIRP12L2ZzPV49J46oo2bqCw6ZPyftTFDhs=","0j9ZKjtw0xsVsKjYaS1DabykrZnP7tW4MPNSfIZBHbY=","gYSuRyvHtEfDTGK/qWmu6z3WYHUEDvqyhpTN7722z6Y=","O8eJFiHW0pLnwaGL3ipkBca4v/xwD1J90h3mQS0sRk0=","OtYuYbDfk/qUOe/Gf/h4TVybXgw4yVBGfch4FCXGJXw=","6Puoi52HRceu2pfV1rOqflxAXPS1I+IO7EdRf14l0tI=","ufWVj3O5sedK4gKJa4ziVSOmZrgmKG2x+LbIwa5z62c=","A8FB9O4D9q7mhbybaY7i4obp3bBh/tP3GK/quy/Oga8=","Mw6K2dftJuRe6GjHtJaarludGTf98tXiAquPEH+7JuM=","fW4lHFtSeHhbl8XcBsgabER4bWehM/PGfEkvagPn3kE=","CFbrJBVeMvn2BmoPjbMA/shkp809ExKki+ymYdGHnVY=","ZfeDjaeQKJ/1U/84RFpQUWiHFFv7sh9pw64d8OJ7yyQ=","vxPwrvGCqhTvkdZFP0NN/BTqJqHcpuSLdHlwkf1431w=","GJDsR9JDy5jKbHoQpVmj8XMX4COgI2Q3zNbEaAyUpNI=","rjJtZZ4qKT9vDtKh6pHTXSET2CWDu7lPNtCIgUmF1QA=","+3R2ssh4rzGeuOQbPUGl1peRPX3a6hnr6LuZKg4f0Xs=","iE68AlBSdn2onrUGbA5/kA9NRaFXVD/eXK+RYhFKKgc=","nwKEnbr+Yi2jV+474+fEMKthi6gs6QRKzrAey5peoog=","20GUbyLno5X1wTcCKbT+3EGAkzKhMfZXVHIMf6Fj6X4=","g8/wsLD6X0OHWaFHYHjitLGl9N2PxLqroVl/qHUROO4=","Y3HxFPlPM8p2xK+D/mLMmJ8J+rPWO1Twj6vASBLKOdI=","N+MVvVy+nAIACALRpj0QhfxILCiuzlbsE3RJ9a0kOyY=","5RNOQBG9kJ/qqxloOST4WVjKkLgzsZtdDqkvvqbgZ1I=","2d2EKkL1UxIaoOyyw0u6HjIwmH9KzL6qa5UeCSV0mxw=","OUT2vgONgNU2LOEDvorgAEzNsOXbZN9zbRv7h5J8BBA=","6Wz8HKCo56ExZ9q6JU8Lo261NJ5S/y3YEXfYYk3g/Dg=","qHmt2OMp//yAEVJUs8lKOmB6UTfgtAacvCiJgL64FY0=","XwUmwNrBM/AU4sNcB/26wnikEFQNVhLHdFDN1L37LCk=","9Iq/T8tMxjJXs6FWoSAQ/YwRsVkKDMh6oHEKxVEPgrE=","OViFRKxd0aWyVfQfNX4pp7wMdBolEaKA9qsfcWYdsn0=","CF+84ra9HE+fqDmuZ4jIUfJlXBu47lx/dJVgsIdm1nk=","MEHv3qH9hqy1WG+dTg3ecMYaTtru27wmDeRnHboYG3c=","zPjmcCpmV7OSjWWiRQ/sXzONjBJE4iXBQCIrFPW592I=","I5o9WAzNMCrkuchJrJuWPkiGapPcAW62r9HsqTf3fcE=","Qqk+JkKwnb3OKwEepVMEgnE+wgN1tt8rPgHaW0HWVcs=","UOupDr3zG7Gqir15ONEfrbD39GgP+JXC/V45PZiEaS8=","WmjKTsysJ0YryNGxboEc82QHapdFGLzSh43kAkPm5u8=","ZSzu5d0X4HT0gjspIeImugmBXRT4f1//XRX4iAM1HTE=","1KezmCguOt/II/GZNTLcvz6YoAmSrgVMS8S1DdccjlY=","z2g2wxQEse1lEZY3XpakYygD3mfYEK42z6L+dbtqjkg=","Fv9FYwx2nOnEQPTB/354ITUCxESy7mGJknb7rWqayI8=","NeNsqSH/vnYLlmBTUExBGpXEDWXqENDzXEAycU4PQuI=","0Liu0dSc8da9dyAgc/hWcNsazbzA4Fa+xr+mSv0GN24=","ElbqEx4QAqaPTzn8SVqbFF5NFAz0K4NjnvDSLGsPxEo=","lREhNhPZepTlctA6CQ4708eXiq5GRmnyFeVG5hpyGmg=","DO1DLZL+kTI8p4/iCGHagTsXOwa+6dUyJXBalyucpw0=","UEFY1TzTBREXr4IDdBochUhpm8gP4PX4iuQykj4bhXU=","IigpTz0BPi6i8rlGhRVFUYiOUUz6A2v8OIpl4J6SOZc=","08ucHqFky3VISFHq+7QRYttHgdQitsMVuxCQA0jjZt4=","Eja4DL/c5jmw5SQID2apLMhQ9A8txzzVzlW9WKKvDEw=","DS1S36uO4LpY559m09E0HGf2kSBl46HE4as/mJi4294=","0t/yUcCYpL2nLc7ICQFx2B33ZebWIvWPw35/g6S6WK4=","F5WaLLkHpRwsJGKxO3TO0X87ytDLiLF7Ib8sFf+EWv8=","Pxo/EQYeBxEY19nGeuebjBYTqCLgMiE1fyS6vWgLrJc=","9yorxE+m2rH1aYJOjm2SXfWWfnPGQEEUY4zSM9Uszl0=","D3Yb8zDgJ7VcubrZNsO9EV4rOJZ9mQ1OO0PDH5TPvlI=","reTrhlGUPuVQLmCaXhRww0Ja9pZLwme0XZh/jGTc04g=","7S5NKMOHl9Fcz62yRu2eygQWdEoq/q1mrCLfRG5h1iU=","BTc6GWQM264Bq85sWyBnvzZ3muh7lOIybaUOzwTTd5g=","WzmtpgSDOrRBXUda0yrZanNlELnd+nT+M/iBPMVbFpY=","RqkS///HLPDAUBH61wCdVHzKgnzkJ1a4iuv6PAm9zi8=","aFYB/mRkXW7E2doiW9ul0kd/c9uboDnsqYK1zzCk1JY=","DMWeyyCL8c8Ei5tR//aqECj+ba0tsh4XG7EbvdTkIRQ=","C8e53gXm7Yvf5Vs5+v9Qd1sFmHk/HVugqgQiGc6yqaA=","Us3yEdlvGu0OcaTNUmkS18OUwapZcRs8qe8XSg4US7c=","CX66JCDAq5mr5SwMBWvopFkFzXJjnc5nyWVAeBn4eGI=","1RActCGr2hwi0d1O8BMX1DXYuvEu4aHop3XBP/rClBI=","UvJUNs+94o5vnPHSkvEfQLWM0fHDkBcifiHLpr+3SrY=","5RfZOju1zBFoVn2ec2BatgYAcRHy1zkYTe/prGI6CdM=","puPcbUoQ2Bz+hkT1yn3c69Ihvx7Ik4wBiuQdcBOr/q0=","Msl5gWyARg2AsWTvSQ5I7MJP3gAniFQQnWfFV7ykmI0=","uUAYFR0cMlXKvYOp7VVkx8huJgpHYb+9mXYCOd88InA=","9yCf9KCMBI+LSbNUbt9M+IXupPdbaJtyV8tNoskgeFg=","rhUtfh3rDUxxxYvhus8dW78w3aYxVoPvm5y+pKCJU18=","Ip7bpO0xXp1uFn0EWAmtOjHTgFMEoqIRHbnUN7Aij0w=","NS8aHaHvc5d3kMzndyznfsxSQBuMxwpuuOTiwK0N5N8=","H42m9tyYkBkc2qAqD466DnUw08Up+Ryh7i8eqmWUtPk=","FJW0C8wavuWZs7b0q+Hql9QcBTi6p7+sgA4it/htEQI=","ZBJkeMe0e0uocwlPxX39Wywn2ygs1goZyLti5WKBlmM=","ZU4o6fU0B69iw1+nicOoZVXg1aqRLXxyeuPoJo4MgMM=","ClKz5FNDt6S7io4bSZ0RUVms0MWS6dQb0NXye/7+V+U=","8XSPD2l/doOQKBUcvHK/0ltnhY2qqmf1Obi4UVwC/Es=","F/m+PbqY4FtDKyXRg2fG5Va4adR2vGMnNu3ggrEyCaE=","tFEQJU9pDnoJhQNMuLcclf3LMNRhEIeC0holvewqX00=","g4nsCIkep0xoS8gepscvcrUe0gzdWzy0+0WQAmoO1PI=","qErolS9ql8toNDpvB8rgWicvE0l0uDemjkUOGI3TO88=","fr7S3v5lKfmWbbBvL83bh0haybraQ2k0W84+6Ea+W+I=","Gj5Rv4u1+TrugnAy+QXh2/Ds7PG4QvNaqcxfLj5uEM0=","jZuB7tYQFNfwt1Kh35jKCBAC/bIIcFdhkgjKXNcUHE0=","cTs9ugRVpFu5ObSQTBX/EWq2ElGbMmYBfixi7r2nAis=","6S9ciFcZPUbD5eC5AMKUhLXVi1E2UwnseYtKBhnh+DQ=","zOACwkLE4CIPnxXCDnehNnxC8sqJDqGcjvk145RgNkg=","IPzBUNOU6186dBnicqeX3NL9T7/8YijCbtG6OWW4Gjk=","T3SGgg10/Hsr26I+JRGxGiqCgvUXjHedXkU3Ppfcg/4=","FgeUMqpXIORp3M4Z9KC50CS//xOZ1Ef8odqK0DDhlS4=","cxZlmhyyGj8AZRTOQYcTgjonUCN6XXKkJurYiiTawNY="],"block_size":4096,"path":"style.css"},{"block_hashes":["AbpHGcgLb+kRsJGnwFEktk7uzpZOCcBY74+YBdrKVGs="],"block_size":4096,"path":"test.js"},{"block_hashes":["LfmOq8P71HpQ21JpSQFWDze7zqRzdlXph9Lipv33HPs="],"block_size":4096,"path":"userscript.html"},{"block_hashes":["24Py7eZ/Ns+rHqByHqLul1FYY+mmU0aIHzBeQwRRzJE="],"block_size":4096,"path":"vendor/eslint/LICENSE"},{"block_hashes":["1abHWpuxiBvaNr4JN/kA1DiOyqMZeIeZ1hMeOj7CaLM=","eOOfp2Uc3AcsLY6DqVDCGpq89348CFSVj95zIGlkDxc=","3bttYqHNPJ3uCdGl49Xs0Y2s8BDtXvUnCnhHsmJ9I2c=","YNYcM6vR9TsArE7K5fIWf/+40EdViUK6VrjbIlxwzFI=","L++k2Iu1fD8PU0pzK01U8fMEMsFeILU21bgCVmcfefw=","NEu58A+EtkQjdcZJ6PtA86Xx1oviBAURJ7TmzHQ5c6s=","4XfVHfruU7bp0TftuNwF/wQAqDXw4j/HrguTQie87QI=","d3UZKyrFB60T9jDtb238E4RHQhpi6K4l8MFzveLlGvY=","MGrGY7PPi/+SO/lz2FE9TlyJpVlVr7Ih7IcuY4IfqzM=","Jlv9D1xkal3NyLS0+qcMkFOUpPIk+E6j3QjQ321A29w=","y4mtk+P7k66/qza2E89bj02AptdL8PwXmxI9hJbU/w4=","oladZTRjGcvBiJpku2IOyHO3jr8i85Ca+ofhZeM2Tfk=","diMYuRLRYTgUtlGuJY3BwSIYumw0fVaqJS2GHCDmZkE=","l4bARnoriQvYzECwdDGD20M2+HCCh//U7KJD0J2ds8M=","6ZhKzb5ZZLyI8rhQXW8ARP1ANV8MLB2RN2ilAOm8QS8=","+yulKpirj44rXFMJTLoyUqAH83zomHcPIRum1dKHwqA=","S0tYqcP80eUQ8kpUMVq+gHsVhJG2YN1yqOx6Xf62j+k=","1KU3uNL/sJ/XKxZEfqYltPnugKRv6m/I5sp1B4NqaWM=","TZgDrqlTG9uHD5bS2UWBdW+lWWuQClekLsm7I3oWoLw=","eN3Cvbm57TjTM3SKXyoZ9in2wv3NFjxjChJoORKM/7Q=","S+d6L1T4nBFNoynX2SwkAq7uvqnHRis4w/nIo0kMi/c=","hNjy0J6XtHh3J8Bw3Ju7F6VR+2t6LnQ9WQzkB8VfpW8=","wwAzLS3k314gZ8dKbEieTKWhGTW6UwoENDQPn3vbuL0=","wmcVf/sgSrj8AbEI9HRNAk9JDwC3pf1EXn8XU6hiWwo=","8G22XhvrEbmyMX1iY9AxUYRomPwT9/rlhXAh7awCD8w=","Mj41Oy7uIHFhs6UWoUXXAXReqjGeyTBYCQgmdCsR9kw=","qWYtbeCtJ0s14X23kb9mVZckcxXburWHNcCstm7SiJY=","oNx9Vda71xrTjMzG8vcw9rY5hDL5lxXupanEtNxLxPs=","4o2cDDOiYkqQ1XtGSt/C7/jJC/vaTick0FPjUll4wI4=","6W0XqwAbjLVVKqmMkVIN/UVV0UITStGqv8RqLzyoRWM=","K8nYTEWwxWckZAiK6VPL1PSRGA0DRoYJOUsSWsaVCl0=","k4yJ8xIeWOyvAxC0vHPFxx7DI4FDSoPileDb81sWd4c=","JkwoUSR3o4izqoYja2JT6cEw85+hYb9r3VDRKdNCNaA=","Qh8GhinE6QpLJmUXILAuorboucsueoRPt/S07WJHdQU=","78KBnjtOvPcC+8Fsbnc87m9V8YYf3U+O4yp/nPF73w8=","NSfezx5HEM4mddcgd2Q6NRgxF+cGV1KM4H1FDBZTyHk=","PvVcxA+EtbljtW3gsbyIFPt73ymGSvm/AuxX3UmTe6M=","nrRw+mG50s7DHAltSbs+AUBafvCCzAgoxne2KIF1zIE=","wOF1QkGv4Rjerh4RdZRj1TPIg/vqUJBsAk2IrilZP9Y=","DF0Ph6bzX3ROxHZh0jAOn4JZk+13CyWJPpRON2lWwYI=","DdOWQ92f/med+xchdlvUT4G0WME5LrqceEYJMf7NqzY=","4mCpwA6avy9PSip4o4zKBtQgTOlLFB1xveDLheB/qlg=","CiQ92StTCKrBtaW1EjBkszGZb85hluzEiQVdi6EN2co=","AymiMwrOxOSQGjMGuZY0WERbY8fCDBO7JYhwWc7/aq8=","3hglxI6pU0znuvOmjfTWb3NZjELSJzEYoOoT7x9dEus=","GssPIFzils6XSJCqBz++LnkgHUdGOYLmNf5uQgJcWtQ=","KdvOjHeSrPPczcUquPVtS3nkIri0pjVsbIJxILMx1iY=","0mYa1phs1/95YXIzDCcnGOM2Apobc2zRQIb1ZuR0KrI=","PsG3TfayPHIgigiGKs0/lL5MA01TglC/2q45l314guI=","v8RdrkMvFDDy2qBGY5Q1psMb0JztPhHVblYkyRCQONs=","ZSiq+OnC8OurCiGE9uS1vtKOX6q7V6I8WJ7w8BusodU=","n9NWkilkgZtcbJG9N5PaS3YVfnXDHIpmdXtJEeziOco=","HFhIUhAl5pKJL46UoM2PYzt+Md2jJihgNJ7pvnrF9qk=","fJD2N3GsUvVNDoSlqTOy2k7MbXUXenuyERDEkNlIhEc=","BhQIMYI1wg3CU8IBVppP9JOQusPhDvzATZDu0LkRRfc=","UAQ8tKq9yZE/mcFEJ6mLui/CEpW9MXVYcYezk9RdjqM=","WBL/UNpgEJc9Qumt3R3FPY10qXTadDgkb9XLJYSJbL4=","qi041OxYey4BVkRxa0NQsMgjME10D6zwUp5WoGe7hJc=","euzB4nP0ygOjn/YMzCCk4Weyd2FfCQlGeyIWi10FpNE=","z94G5IkvyNlx68grQa6Q2z82ubM1buvp7H346TpUY9Q=","QMOTCpYRZi3OrwbwfpNIJCXfyJkXTOtlZ2EM44lCBNk=","5q1jl0acp1MbZsWc7BIu4qqGeqs8NBroWAA+BTA5TBg=","6c3EU+2z21pQ7fZXKFS7KcnFrQblknk3PBbKGCoMjf8=","JBV5YNDDdxJsNO3BMY3bEUUFNVQaKqnkuqOBjk8EwqY=","7hlSnx3U1mP+akcXGoBcoXnMlIHCXa4AXqBHe7AKYzs=","fNbLevTThBt8PPEGoAP7haJBAixakUnH4Ze0GGipN3k=","XxiXzXsJvJhUZ59A+N6Ck7jTPt1LPD1pFMLSBmf8dU0=","LvWkCrXbkgzIhhY3YVOT25/BEdWYdd0UsfPkCNQSESg=","bZkJwyxZ9qpBDckBguKoQQc5XKpD9n9GiVDG96mUGaA=","VxHqCyg+l112m5IGamxUv/es9XcBVHJGmbu3E8IL4SQ=","olt7TuhbtNXa53kRPmJsQ3j3I+QflrJ7rx1Xem27QCw=","HJNWi5pj60uQhTcn7IH9PQ4H7P92LQwTQGV17e2bHzw=","shUyDHm+I/63ZVelXk/IGcYKwQNZ8AcvMalRylre+nc=","G18PX2ZTPph87vEC8tOhNolvStp1Tc+hXAqAeKjVYKo=","Nrpmhsigug81WnkWGQaJobU8KkBuBJLUiZfsepVb9iU=","Z7RA7j4x9wZ7vA5k6TmqIeGqs0L5v6XLCHA7w/yIZt8=","H3RWoQL77Z2qk/FfDwdu/dlPNeLShnLpDiY0+u0pnqU=","B17LGfiJKfdTOqqH/4bvdPlA6d4W1xWUwTKE9a1dZhk=","kAa2IBzh1SW44e/9cNbGE1YmWDbOvG8RpBnJnTHWpWw=","8cCNDvulaEQJ7dD1oRgOBdZp6t36cdssMvv3Gd1eBZ8=","Gk7LjGMaG+wn2yeQ5zlHd3NqDTNijGrTg2XryKy5DGU=","AyedgOdVGyRg+GknkTJRdm0jBbwquDSaDllPchIg3MA=","1bv79rbLEzLjpH+NvbBCA+OwwMoNXWJGeFbzC3qoK0Q=","TQxJSgmtO3LfGu0bCf8yGRTvwPyVEOC1YZxbs5byeeM=","f3PnGg2DjbWaRE0fMMu932h3vndm5Itq8VJr7E928Ls=","bd9rQzVHtSkPXVXDS4hwN8SNKGdcGi7wShMsoBM422w=","VPJPIRMlFv0MN04FTs28eoKYQdOZdk1WMibAJr9VykU=","1NuBEr9kT2UcG5w+/Xwdb1oxtn/SJQ82Qmq7sqlv9Ng=","Lg/sHfKfznjS7ey6TCLWiWfLnOzg5uxDCkv841ilbto=","aGhxBQdK0ukTFfn/YZqmXYwNLW/TLFAAsIkhRYsA/Uk=","BB9ae3DNA2vHj12xkduv8EURP+fXJssCpVg+U8YdxJc=","V5Ejup1BCWILuyEPIP1TbtXD68l5VrscP2iRRkloLtM=","wAuIlqDQ8Pm7HAb/i15ohcez2ClbSIWVRXRKKJw8BD8=","VPMv64zxlfiaVUJdndWIhloPH2pmMfkk6gP0ZR6+ceU=","1XtZWYPjkvKlas+NRhEU6eANgOSfQwMMSDa0wdL+7+A=","jLwnQW9SOeV3qJlK0Xsisdbt0HC8q/ZbiwV0ta9e1PI=","w/paQvr214ch9sZqQ4uDlYCxx04TaRXlgAcNPwEkMo4=","ESxXuPbmeJax2D7tpqt8GwRgLfDcT6U/41P17uBNNIo=","2RI4JCbj3brulympjqhRWb01tuVAbiUcyusZx/OawMw=","oIeGYMt1mbQTOhomZ4EloXrI6AvGRy7qBXMM7YVKI1k=","Kza4Fzs7qUZzRg3To4uOBk5l0ELyGZnVC/yUiGSNIa4=","IBfecdKwK54WfOy+XOims3cvQAbemQZP618ENMncvkY=","drZBdL8Jeo2Wxqdyas/tsPwhxIki37tYhaD5rEqf7fo=","O6yKmp4RlgEUMbqiMq0cQw1TSiT/loQGvCHC1sWFVvk=","rMmsQsV8HGMq2OT2jUYm3soyy3Tm52VNcBOvucXUwHg=","wtCCt/3Dv5204x0fpaq7de1QvUInKwgwp74ksrpXDew=","HPKQQBpIyJdEU/KkEMs2buna/c0WzLt01P6vTNNFrX0=","TzfKXWDkl4GMIMXVapSYZpaFB93o+XqV12+vHWNnx5M=","s6Kc/4/0fbK3YTEp8Tpb/qfYGvmWpyxak2ibU5/wrnA=","5Ezryj5Dy+EgCismjNinw+jKJIIhQ5rPfCpXMwn6p6s=","mTn0Coy2fJfIgvrsODvGtZP3nCGIzH9qaaPJqXy8ixs=","pfoPDNJhQHyLA/KBvZM3QLuMkrZaOGNvANyDedvp8XM=","8rEnbR3iWCwypA1tLtg09Nf69Gk8BHbSdCiWjJWfavo=","Z3zFIfrB56h2nFCCv5ZDEv6JSt9yawRduJSX+xRyauw=","VavPfe6KJbVB2kDdnPrHxnIsWJ/3F9gOdFR0qgSl6uM=","fBAvzs+3MTBzHrW35Q5d+88SkZUe6RbODyTpXbBHOSM=","OIGY8VLzdvxZZyoIYZR8nzO0PyFqiCatVcIe25erTEg=","n2tv+Dke48cKlAFgakJylJKr2ukf4SR6S3DU9e1MH1U=","whs9vGwLmzYWCngSLcYF3NyVD0ZAC1Vu0pqMs4Y/xok=","dFc+6HCQ4OuSjlwQTFcIHf9jFA3lb40c39ckfLY0gbg=","E0FzkpMYHDI7TJNdyVDaJRVnDSLepM31WgGxKeSTOiY=","MKVUK2p5VdssZ4l42RESleaiV9uJ6SqKSJqSOW0LXDI=","JIO8Btj0py1SD9e6dQC74sHU2c6LUvxQDWjJpF2xxGY=","+6V+JQL3ZBYCHyt16AsU/Unq6w580vi4zKoI2Jzh+dM=","y3i4YnW7ijcl3CWWB2RqwNSZycZTWJm9sWNSUVMo7fU=","dln4Vf+qV41mx0cFgHuxXUUyBkVtJ7L2KQ5cIikH4Ao=","u6EjxFfqi/nhlyhGy8BWWINpTogVCpPbsJSYHxgBBXk=","DbN76NlVf7680C2q5lslWGpVjDBQJsskIklENKG7S34=","orpjdOUiNFfIWUevcd9jJe2xaRLuZNW0qT4O6bSkL/I=","9jt0Z1TZKKUn2cVWEoQUT/7RRz6PZO/twO4iZVFRHjY=","iwE4Ddy3P9Lm2bqunx9a1IPjcFNPbUct9Y6lsYjn31U=","OQ3wAOcsHJfEMdafdsDZ6qAfuquJiben3gjmgStJ9dk=","vUsmNL4yLXoTNpCgpXOKUfQDmlcidxCA1a3MXlx5v2w=","Z33v9/vuO1+Bw3zQuGnkwctghyK+2R6HhbxR17Wx/6w=","DXCxfwh2cjBiWgRPMGmXMuNQXV09O4GwAgLFCT20q1w=","e/bREzTPclcmedabvrPbuWvu/YDX3BVDFUOsB8uRMzw=","CwKTeKTh9yYKrzOGZwA+SG7ahphPbb2InMByQW5R28I=","EFUQYPNrJ0bqFE5kqHR3UXoqZCMtwgeDrF9NOopNbTY=","uingW7fDiEkW9cDbqh7liWeEsXR2KEAlYobNhUbPrVg=","WZQ7lRN1w0itnGHhpwWz5hNI6bllqufyhehI8a/jKj4=","8vmkFwLl7o5942CeSuj40F/0Cbqhj5EdBYg7YYT65lM=","+HYuW0hkHhCQI0yx7+H9EII5SFk4fkp/w6kzgdZUcPA=","9GawuDFCfUS0d+//cjZHXq4sCLbszoRlD9+vsj+Ee4c=","X7skcNCp7+7xiLSr7sYbGfYorCgNhGW8xPxd1R+mGWs=","TIFf57PBTJoLztnmzInGCgo1la3HIy3b185PW8GGd/s=","vv8NFrTW4NtDdYyjSQ1XIhShhWm2EUJBs5Ec7u9hYMw=","QqOOaiuTFpzrzZA63VPq5sZu4EqfwXgWJJcjpMkH0HU=","nW8n7GxsY0bK+Bo3TGE7/mdWDt67uPzShvwjOC3kfpk=","Zg2FYUbqSgToaVl6ULZE34l3ChWxmlfAiO7eNzjr7dg=","UT5/NEO1zaTOL/fZc2fw/fnaX4w/gLiQvGPqjToOHAY=","5mjR3Dp3sHTTL9KM7ARS2ctX7GqOAu+mqLyLqNjz1OQ=","JDAuEWfqpTrJblQ0RyNftDjhPO9OLVWmLaJm93tliWI=","YdaqMBOAHYRxT9+5FvGbHrDFHLUg96qE47oYItaE2Iw=","K4bcbfQy+/lkEMApIdzTVdt5SsN3/iptd2l7s/8HZZw=","5Z51gtz5CPk/vUGujGbNS6/qDNFW34rtllVFB+Gekjc=","c7e/AphBztXat8EQkOjTHc1IJWd0soMkV3ryiWKlymo=","giudfiVftB3Q+KeM17TVWlii7Oy9JfHf9jwZSK3ZfmU=","tFgS75vv56XaVeXaxQuQ7ZsgLEaksk8POMP7D0S/luQ=","5Ra6xdEz6Fk3IhRVGvaPG7BaOSWj6yflkKrosWSDsh0=","+PaFl0ab4vGXupczn7Mz8ZQ1Rtyvkn8v7hRt/N0JlrQ=","TUNvE/oteZ7RVP+/k+81ZbFKnCjB2cvmVO4KjBngcjQ=","Y9R65MNTF3FOAGHSE/8PM8H6zWcxNQL4XSbp7kThARo=","z8Eufy8sK7hCMEK3sIZ+Dewf9Cj6lNgXeyA/AW7Q5QE=","gsyDLmxGai1gdg5m9ayubWn0wpZ8F2agdBgXYuD+sWU=","Kdo5JdI1VVdFG86cHVzj6N4rJvFnx3kmZqciK+X0yXY=","9pKBIYLwj7V6VICnt9enFkIrnz1Oa5skKttnznzYRU8=","jeTvGkiHRrUYg0vnagLoFUyjMRUQuLx7Vwo8JcZ24ns=","o9SFq21rboS99beiyxY/KvHdn4akqpgeYCSYkYSnxR4=","Sdwjb9FMqsRzAs0iw6U8oaWw6vcxHfD53oB8HuiYW7E=","C5q0bud0Gt/LKmnlHkF1z5fS9poi+CoRbeR/F9rnBmw=","ktyfypDB+qLFVpDfIYkljyKEqgmJmbgpEL0dW3LVm/8=","wr1muywPEZNZMtgfbfleTdW0Kn7lJGJQ7CaPfulY/hM=","FXaIOrkuw2qfVdvGVKIzNJjzxrjbe8hffFB9s5GoJGA=","ApadBc+kNxKPRrLa1kBkbvz2UTkDY9dPuBTbTE+0nEY=","lzYvvSdm8U8dOWyeOzTjKJ2D4V4vmlfkSa3uOnhdrec=","U/P0Wsjgno1iU811ZxivTFd91KFitWZVsKGSzvy6kf8=","q4X8QqpVVFN/cojZadZP10yFEyO8Y8XsF7NDxnsM1Gk=","DAvEppF1PzMU+hKM44DyIS5fEmOF7A1tTVz5AH2u/xU=","L8bn8t4nZDy2TOltdKSYJJd09HSRhVXIKa16TpKHgu4=","aAGRUGAVfY0roi6eYR4lQicnGiLm47YAhHwjf01/Yn8=","g0XoNaTKTV9Clk/tkxUKXj7HSEl7C6bsu9HD15bPrVE=","mUZbaPdcxvd9KKTCUO6zUV/fXmkuMMzX3+iYNd+BXDY=","FGBATf9Ee4UJlT7RCDX5VfpPobIGYQx3JpV0l+Fe2OQ=","hPQ2e5lRMV8lsXLbJsTF+XIh8geLdy+1HyA2vW2C6hA=","lG22TY2I0Qyx4XazpjF4LutjmGuGqsplvXLVElSJrNE=","yIgIywXERYCu0bAMzXQljHtneqDkVOUyiScUDeG99xQ=","D94ibklxO+mN571xjUS6IzZ3NNHgnmoTaPMfpRi+J08=","cfw+c/ZstSR72poR8Dx26tvAQ/dn3o2X2xdBbAQYpEM=","/jePfXag54LraPbbEMb6398jQDYg0B/UDll3nWINsW8=","6ITfba0vdg2ENKZewg1ZIDg5MMYVwHVl7jfcD0OMcgc=","Bni5b+muXwU4l0ZZCO4MVKI5eIhwlVxwDyN5MZWQ2ww=","GWZZIwpC6NY3gFoxTTCE0pIz9nyRViGajvBcaSGYrVw=","rdG6xUE1SNQoBo4M26Yrnqb34Xa9p/pWJE24x7ir0bo=","x5PMFbUE3Z2Impexc13JfQPIOsCfoJHtdBOISZi2hY8=","WhAEK0y/R92lxTH/84O8rDgnHAavlw6DC95oKctoEKQ=","L2TkWkIdGYfLWJDfMKyl/wInLN4Q9Rg1lrXVtJNFpZY=","I5rPeVOrbZR9Rec/zhKK3vLEwXDylOU+5HjDpxOhGgw=","BTJGnsInCgF5LJKLanfRAH/LrjuL7f31eJ+f41Chdk8=","KbT3SrdVHfupYM/mqdIFhr0ZzN8VAaqFxlFVnQ5jahs=","Vn/JE7eCqJJGS+u1ZMqzBJhRPfuXmAvfJFqNkUQmEw4=","3ubWNaU3E1VAT88YQdLi9Rrzo3IjS94YzJJ2LnLiQvY=","t337g5QdHkjK6VCGF2JT25dCOkvJdbPxseRoLhvyNCI=","2P7/TJ3BlStMnn9Q9z8QAPMrgIi7l0uLleJbFuzu8CA=","lTJqV6GzfTB//ERQ9P1VDuRG3rsdrJBxMz56SNsYJiI=","geigcH7c8dZ0MvjRFsD36dzHqqY4+sO+34e03QICsf0=","hRNi1ffubW6VWqimjQh5NQOiXGi+3M+e5zbPajYV3JI=","wR6Y3JGqiNPdcevkc6t/B2MQwK8rTp/dEchkKy9gfOk=","zMPu4xX4jOX94/mbxqfBryidFXaCvkNLxh4AthDh+sk=","5onzrHkf8lNOva8d07wldOpDS3zYTLvRDhG+3lM7qUE=","k5yr9q6s4fLFwI6l+n2vz12jUpzxrR9Fa4b7t6g58+w=","YI1S4c5oPfeEdIEO1yflmlOMRPwYQ9QzT1Tz+T6QRwM=","5F0VG7DrsV74mi69Als8WfLsbvdYCIk0mJEo21hDQfw=","qfGn7XolSdD8VaKnXUHUtwu1eh8bCfxcRmFEABzita4=","rlp19J/YurpH8Qws3NdDnryE6Qsv6IDH/y0Ho2G4NmM=","UdLlkyHuCfmJyaF11HOSEbjHhl1JhDb1CwAnhRBYqZ0=","Rc6Ww+Bgef4ezl8oM7jZF54iIxdIf0PrnKpcDKpoCsI=","SEibeIiNhK+YjRHLrAECWsV5o3CfgHIjTETgMnO3Z1E=","RndLJOX5mvqT4xFh6dX+d/nOHfYYwBJ3vFy5NBFy4gc=","fWyOL8le8Tlyjsdi8cZEHDniiHvW5M9Hziva8PBP16Q=","ZUI1I0UquToOPQqcC+uA5zR+GD6AFTkwe5ilzykIm7g=","pz2+rN9FyratwzltGif0850yYR37KQULnrtO4GjGOac=","jZPWw+Pd1b2gJvgPXQHEPYccRnkcrZjwfqlYLpIw1K4=","dVZhlCS7+4P8ZIiW/A8IQVwGt6/dhnW3GX8K9IGOJQQ=","wMab/JqUBHQFRO/bCIk7jEFn78zA9z7cumdyMyLAtr0=","ZuQT778gG0GYn0tBemYQkIbkQBTM+FSQWkTsDNBTYAs=","D6FTBWln3ng8UQIoFBBl9JX1w9KsT20WPMJOJ2KmWqY=","9PT4Yp9j69vHmFSP9y+RT5gTOMcDX4LaAGXs7wgH5Xc=","koc2jQ7yV/L6UHejh46FB6c66WxSZwcoczmmns9Hgqs=","T/EV1YrPzMtLlXyu+qRkX8z0d1PQcDckKajSvoYdHAg=","WgvWpM27fQZAcA1uExEI3crXT0gkFwARPwf8+De33EE=","YVJqCsUpOuckLx54EthrV6jF6HHQklnds0wix5lBMIw=","NBA97oM10KHUCEYsSX5ot879cngmsN+nNlX3SN8Du9Q=","eEJptt/OyOAhSKW2DwUTgNLlQPhMRnL7rL5W+7vkrQ4=","rViwBpzEcaGEhAgfXmBp7Pc5wKKgccKmIk4vLC4y8EM=","hKwPL4z9Ulh7c/tpzZWr8CAfNq5MxjAMeESzHNzcS4Q=","j01UGxWSXZy0x+qH37iqk8rM/KZ/g9HaIF8jGYdXKZE=","PutfJfPcJs3GoximhxNgQAcettKzjqYs8fzGsRxKOqE=","GfyeeCmLxXlogdO8z/FlNQq79lLLvuCs+7+SJyWMNYA=","N98ZEgNjWjzzaT+ouWl+BjRa2zV0xMmuJlp+JUyCWiQ=","vZ4v5gaQznupU4bfe+W8dQ6Ib2YIRdGk8pm1CJv+zgM=","ssbHJzfzps5iO6WnKL5Q6hMNHPOqvICU1uHVAQbi/j4=","W8nJHA2mWCXm8YEWE62mjUZn4a/SBelqt7bZCI7sAyA=","2/R192VPQ9z8CHyEYOISqhulolAT2HP93iCrGbRRn1Y=","TyZSYMCsi8We0ddCvs1qWfTBS0zYQYjdZgI2vj/oIyc=","Qx+++tgXyU9uN9siJFLRr5572vFlpW3Wff14hH1QEKo=","svXd01oa2Za4p1L0DMv7exHHpZGGdUF2I3xsR7VTHQk=","BciRL/d6C5/ubK+5aTd5C5laRhhD70ykxmum1hrKo7A=","EU3qJPjyzkgN50em+RkpOGGkBkT1l/7f4DJ5L9pbEF0=","tJmBvncObgQ/X8EeFosf9oypl+YKEBjXYh0freSoWnc=","vYhFgrlTbZ8v65s/HSnzwm5Kx6kTn5ZZjeR7jYuK7rQ=","o0DbJXP0l8iYX8lUz6mBDAnHZuxfxwEq66AmH44Oy4k=","9VaGinB1shjB/VExOit20SjSfMfLiTQjZvb7vd6ofnE=","Dm9hQ61QL2Vz8+UZAYJeR+kyTysq4z5q0zELUK4D7Dk=","ZALIcy+Can5UjfVAKcUW/gCZsOm3FPKD2JdwTSlJcXE=","IxMMeE25+g6EPa0P0mPnf1OoteEatLdxkHWuPBnEOZQ=","lpuD5paMf9LoH0aG5SZHDGrBfY1GuSNS8T7Ph21ApQE=","dFjR++ZFpLQV1QXknhaksgUNX9oEWzD8RrtMkxkZ/A0=","4xaxePsXnrOtwfT2gbAjq6dMHMmhsKLxiouuLviAX5s=","7F4MuF/cS48ot/ohtVuLpNHJ/hZiV6AD15Uq6gbzjW8=","vNRF8510KpmUdBXyyH2WLfuHVef0+vs0MAaAfsoIjaw=","+C18Q4XSPdSZU/NiF0HfUvnATpADaRDpvtEg7OmnDC4=","SQ+pOb+EaEq9fOGMm4KvTYZ/qmpG7m8m1zvvkiExklI=","4r+Ien9+29tAGzhU9EhjI2bb5V3XbFH38XqwH34C9r8=","P2cQ4KtNmKh/NGcB/q6gLoC2MN2Cm3P6zpma0NdRQVU=","tBSpPPXHD+1U7WBFvOJ1NQ6w+tL5aw1LXvrA7Px87/k=","vON51a/FbUN+W0KnfYbAicwGyyScZG8LByFcOnrBtbM=","rwKGdM1CA3RAS5v7YyfdUgKxfUk5JhTIGnqwyK5Ovxk=","9XD6bwZMZiaEKejSTkB6E6AqPvuXQOWu33C7OnO84k0=","FNrQZoiI8bb1ybJOdYH3qP2cBov57o7PB+TB6DY5vXA=","3HWMJRFPF4M9Sd5b8Qixy6XXAtQyLuVcIlNvqcOjvoQ=","sU0svBc1GHfYPtiNDU4A+rbvIfkF8MK0jE+TqWp3zCE=","i5L74Q6uNNgjFtS2gymZ+seSvYo/5Ko2vmBGy+wtLSw=","Ii8dZXWb8q/mkG2wKkdxNB93Y8kd56vGT9+uKucV+Os=","8BcnE/zv5AVRKX/hIzYu/vtmAnhhwPYarx8vRO5ie8E=","RuCLijY6kbQ/JYSahnN0ndumCSrymW5hReX+1/iA19w=","AwcKXq9ybeX8d8vLC2WmkM/4Ir9+0q3fgGJJ+o5EEpY=","mvf6LXNd+xaye2tC9iNQj/WWL62c8IQc399fl7tFG3c=","qLw4sciantSFvq8wPPwFsza8GOkRUSJCw0dZhDE7aAA=","8D69H0+K2r57tf0vH8fJaCCa4wjEwbkhps+GgFjwyB0=","ZujHNVSNGWj4vKu0rmNq0Y+idlwpRIhX89GLoGmYh/s=","azizy3r+ZcAMVxrCEz612jqCvwgQLaCdPKTo6NQnQUs=","VmXJrUd1smj0UOAdIXzCdUS4EpEP+nSZu+ITwZH2liA=","BlDxqY5UQ94C4l0cwpIqsn8DaDOEYQkcQvQZjzl6YM8=","xpsxdIMdA5UmIz3LAaG6PRDKEb6vxG9G1XV5VCXepfM=","o7ML+O39dSoU6HAD9F1WaWXxmYedC4C49skGnZwy0qk=","NYeiWw4dKcfGEzy1/whvfHToN0KFPPngGsIfZAlK3Uw=","4hxIkFaepRJPaHDJuWjbp6w6LMK4+/Bj35Awof/Hi8s=","mcSXR+awgBgtn2P2ph34YS8UZqRr7EB6uBZz7jJ0Xz8=","rNpov6cBU0YdGf/WxJZjxDhbK3j70+C96Bnf4Qyseiw=","9DLXz1DpRLVPj0uZuNFtY5CEY4zIa1Ptu3MkeagqY9Q=","ZZykQCx3Pg1c+EThXYDIKQ9TyJcfo+sHdjow02QBC9Q=","L7pKSLz47LVGa2vgJzxjdu47BtVkp13ZvE8fPWWaCyU=","yxy1d9UxpKqLh0T0DcObeLKLiTac/W0DdDwL+68bHRw=","WlxPFd8t+z1dYhRnqq8zXaZI1lLCtGwaHJHR9o9TFig=","Xp14ezJDz2fzfbvAlQUSF1WWVgifKWleodMUH82/QEc=","2cS9C5MpiWknmJss5V6pOn7KM4lHmxytT0LQ5/DUaOk=","+yowdCYkpa7vj7khSFvDOfb9oMhUfR/p5+Vh9sNfosw=","dY1QoVXBUH2BBw9mvqYoAvPfm2TjXs4iSCt6cJIZSHU=","JtzfXjcH92wR3voqz/7mVnaTTar3nHbW2NqND7ixgyg=","MAGK6gCjDcoPJlSlW88YJA6sqD43B64xSobTeRvQOpw=","O//qsMfSs/C+imFo38CuCbAtG3VFikUAeMUe04J1PYQ=","HAHL3pHcWCNLpxw4RBDUDTz7MOiBpgy8TQDewdCRbS4=","wcY2WKgIqEOfO8mpZjyyAwwBqLRFNLGMkTeTVkTvEjQ=","M4gTM7YbB6tA9YBKfkqBnwNdTTN+97rfJJ41Gw3QPbo=","GL7FxGJWYFlTXDUhfnaFD4rlVb7U+w3aGcl0W4Oj99I=","HpR4P/doqkoKf338bUANhL96N3XD7BT+aJ5cK7whtzE=","vP9+3D9MWsUU4F8C/JVXzqAzacRVvMpTSqjSjchIAgs=","1hO97XHDAKCr/ONMC/DbgST4sAtdkS7YAy+zFywznBw=","JWjhINDEGNDLyCQ52u8hIjuU7VxfWQX/V8aMfzIJ4e0=","Yj6tI8LtG3+RHY7pwSsK0Dn7uRLFl//oQLYIdmMWnhk=","oGi4sgRKdyQZKBaARrk9XPhsOQRu0IabqpvNOhsVdOQ=","unGCtVsf3wLHta0Bgl+XCgL7NkIvK0R/ebV1zGFoDjQ=","80XwJzZfvxU5IhExO9LngW4BHFahQHV2L1wJFKraAkU=","ioPSYpXMmed28Nem1Uegqi2NvpV4MjDLdhhVKMaXlkc=","kNfb758ZvGrYPaNAVUeVhB4SjSfhPRAfdAAEydXaQqQ=","+XDH4qLWAVTduOQNt+nmRowt81LYThzNJnWTvJKaAjs=","FM3vbHLJpkaqXXhVi1DNLpndeBJTEjc1anziuxtwrAw=","S15nKNgUyHaQ2ogyOedamcqZntRPnbiPGjp8HPzsaXU=","7jQ4AJ3ImeWEC6KQX/wvdvvkCrFjV0TDUqtHAbpYGto=","cMkHUUsWeKqxZMVcuK9rnOJuxUibFh12Kf5Qj1mxNZ8=","tUJTmTfpH7L4nX3rH/ZN2IUWo/djJQcEnWOv1LolI/s=","m30U11hf3OSjdOYdIsgdcdDbOEBps8gFHN7Rp3kykOA=","wQcFnP/cqSaIS85asyqtguK0IoGcFpUETbkUkogRENU=","JZcJ5oFIRB9R1MsCqJhT7Dna8vMqexSxlRhhvnuAu0Y=","RksPNj65XBpjq6zkmo7WX5BfWSXRAisbEMqICMuuYQw=","2JQVFtUv/hUWzKelA5VnfFl7slRgJpwegtw/VT4VlMY=","mKWf1P/MmZFN/GPRfH/NL+T1IN8NQCf2XvfZC+p9t2k=","BIXc/AyDkTWAZaT2aPIrbHYkVoF1u4Smf4bge6Yl6zA=","qL9EmtCLrLErlb+bdORdSrc8e49JkVHTozQU6HvE1FA=","AloEZn26fIRe6dsZ5pZ/pJxrn5HuHIgt+HWHVsUvboA=","3/2pGw5DQjZaads53zp8xMFKgDENWpQVJ2grM+2qdQ8=","YqbUc2KSdXV11jNgIBVN3ETfqzSUlfmTx86rEVyy/ms=","I8+3xNnSmtLY0V1M+Gg2U8vJLEAy2RVANY3B2pwTeCw=","woJUdHez5v9oC0odrvwQ9xQOfSMVLqmW63b+VK4LZgI=","zd+pj1NhnCuWkyOBlwvNN/p2XaBiGWp8tFFZ4i9d7CQ=","2t0z6csHih350ccXDA4gJvwXyIvSI5EYaEPZI4plJ/c=","SRrvXy4iRkaR3DV9CcH4BCC+nE5AkCnx/FBbYC4dXaI=","SFCc0rPMbOMPg9LWyWP+ddZfV9lB2kQMSwy7x/95cFA=","Hp3ZxcqDVusg37RLv1cSar7mSEnmuX7RDME/m8ocP1U=","uYxAYd6hIdCvvt98cMWNBqVDApk+aLOidOUTY7nC0zQ=","XiV+8nUaRDfuXAlGj4X5KNS+QGkp+VaVpd2IcGdmHKs=","YQIDZ7i4JWVi3GBjEgXnD6Jpjag/SRA9AkcKnbg4s9Q=","Z4pxfo3bGXCp0jwGWlyrCkQpF+UEOC8ePpXlmdxnkLc=","YzxtGEOvaZKnaN+LZXOqkPRq8CHq5yPNrLqq0/djBH8=","ZajUr9UHMiCyoFVWjkMhnf5HbywrIo7uj2LO6vCIk3Q=","MifHVmIj6CswJQybmLVidJjgvaDDCDUxCX+3g18SiGE=","BHzVwARonh+Nc1I0qtczhR1O7InZmaaWwce8JAjM8sY=","mRR3PLjtbwNL8fBzXtx05RauP9EEVTjQCdp8rki1ZTQ=","dSQjZ9u+d7pgSSn3jlErY+A+nPV+YSAf/HjmQwdG/IE=","rARjzahwDIac2D0TdB/vHVmSSYcpAoCp3b8/Qm+hfEU=","Ti9VoCATlAxtlob5vV3xWMCS1vv4CXKyUXsrCdHFrPs=","hWG5hTgUZu8rWzoRnAWq/kyYe6N861QJM28SrgK4zow=","VC5XVgecEpPIXA9/mFSCEGM+wa/pW+OQwprG8E/molE=","oEL+vaySn2cb0vGkD5UhmKwGu16IlE9CUjkLmgU6GiI=","lDHqoOY4H+MHtEMvH9aIG2K7i280ls1Xnap8LfHpXwE=","erd+TuyjEQOm+di7GY6EbneBf+ZP+04e71NqOEwofbk=","2S/RCMQYwEM1JOY5TelTHxqxs2GBV9j0XE3kH90y86M=","MobplsB2eBtPk60ENFGQiRERSmBDseBhc9ARr9TF9tU=","HFuwEyEZOLDQKRxhkTIx8vMigqm6Qvu4OIwlxNyIhks=","ALqoUNukCbnNwldT37+ogKx/CwmQMEH8eI0wlni9amQ=","pc6KPf0XOfw5sBbP1osJv8zoAukbhxAHtuRRp68+QG8=","GMcGWptudtc4P+CSAA3/2v8NtKtUSlm6eXUUVIh6S70=","v8CI82AIm1YapiU6Y/IGgK1mVLGg7mnaibrfZsitezQ=","5sRwkDyl0BmmqWD3upNii04ppP6b5A5UuAl6sPU9j5o=","LcCZzLpOXs22aHAyEVAcLJljSHQ1nNnuXdylFniIOi8="],"block_size":4096,"path":"vendor/eslint/eslint.js"},{"block_hashes":["2OzJE67HFmwKeSveACqyqI85jVeUevEponAq57C3W1c=","cpmV/g1CsDvU72A9MeuWSsBhJercKess4+mR6b6bDJY=","WC92NkuDlol9GW6eRCWqmf8s62PaxpymwuzpvkeufiQ="],"block_size":4096,"path":"vendor/jsdiff/diff.js"},{"block_hashes":["rN/SSo5akzBVMmsjWwhhH3WbpOIA1CpFWluN/TZ2sec="],"block_size":4096,"path":"vendor/saveas/LICENSE.md"},{"block_hashes":["gmH+hZuy4YrSQjfRZ3s0a1tS52A/XAqxNMkV0S1UsB4="],"block_size":4096,"path":"vendor/saveas/filesaver.js"}],"version":2}